First Author First Name,First Author Last Name,Paper Title,Year,Full Paper or WIP?,Session Name,Authors,Link,File Name,DOI,Original File Name
Justin,Reich,The Civic Mission of MOOCs: Measuring Engagement across Political Differences in Forums,2016,Full Paper,Global Village,"Justin Reich, Brandon M. Stewart, Kimia Mavon, Dustin Tingley",https://dl.acm.org/doi/pdf/10.1145/2876034.2876045,2016_The Civic Mission of MOOCs: Measuring Engagement across Political Differences in Forums.pdf,10.1145/2876034.2876045,2876034.2876045.pdf
Cynthia,Breazeal,Mobile Devices for Early Literacy Intervention and Research with Global Reach,2016,Full Paper,Global Village,"Cynthia Breazeal, Robin Morris, Stephanie Gottwald, Tinsley A. Galyean, Maryanne Wolf",https://dl.acm.org/doi/pdf/10.1145/2876034.2876046,2016_Mobile Devices for Early Literacy Intervention and Research with Global Reach.pdf,10.1145/2876034.2876046,2876034.2876046.pdf
Ben U.,Gelman,Online Urbanism: Interest-based Subcultures as Drivers of Informal Learning in an Online Community,2016,Full Paper,Global Village,"Ben U. Gelman, Chris Beckley, Aditya Johri, Carlotta Domeniconi, Seungwon Yang",https://dl.acm.org/doi/pdf/10.1145/2876034.2876052,2016_Online Urbanism: Interest-based Subcultures as Drivers of Informal Learning in an Online Community.pdf,10.1145/2876034.2876052,2876034.2876052.pdf
Geza,Kovacs,Effects of In-Video Quizzes on MOOC Lecture Viewing,2016,Full Paper,Engagement,Geza Kovacs,https://dl.acm.org/doi/pdf/10.1145/2876034.2876041,2016_Effects of In-Video Quizzes on MOOC Lecture Viewing.pdf,10.1145/2876034.2876041,2876034.2876041.pdf
Eleanor,O'Rourke,Brain Points: A Deeper Look at a Growth Mindset Incentive Structure for an Educational Game,2016,Full Paper,Engagement,"Eleanor O'Rourke, Erin Peach, Carol S. Dweck, Zoran Popovic",https://dl.acm.org/doi/pdf/10.1145/2876034.2876040,2016_Brain Points: A Deeper Look at a Growth Mindset Incentive Structure for an Educational Game.pdf,10.1145/2876034.2876040,2876034.2876040.pdf
Frans van der,Sluis,Explaining Student Behavior at Scale: The Influence of Video Complexity on Student Dwelling Time,2016,Full Paper,Engagement,"Frans van der Sluis, Jasper Ginn, Tim Van der Zee",https://dl.acm.org/doi/pdf/10.1145/2876034.2876051,2016_Explaining Student Behavior at Scale: The Influence of Video Complexity on Student Dwelling Time.pdf,10.1145/2876034.2876051,2876034.2876051.pdf
Sugata,Mitra,The Future of Learning,2016,Full Paper,Keynote Address,Sugata Mitra,https://dl.acm.org/doi/pdf/10.1145/2876034.2876053,2016_The Future of Learning.pdf,10.1145/2876034.2876053,2876034.2876053.pdf
José A. Ruipérez,Valiente,Using Multiple Accounts for Harvesting Solutions in MOOCs,2016,Full Paper,Learner Modelling,"José A. Ruipérez Valiente, Giora Alexandron, Zhongzhou Chen, David E. Pritchard",https://dl.acm.org/doi/pdf/10.1145/2876034.2876037,2016_Using Multiple Accounts for Harvesting Solutions in MOOCs.pdf,10.1145/2876034.2876037,2876034.2876037.pdf
Steven,Ritter,How Mastery Learning Works at Scale,2016,Full Paper,Learner Modelling,"Steven Ritter, Michael Yudelson, Stephen E. Fancsali, Susan R. Berman",https://dl.acm.org/doi/pdf/10.1145/2876034.2876039,2016_How Mastery Learning Works at Scale.pdf,10.1145/2876034.2876039,2876034.2876039.pdf
Adam,Stankiewicz,$1 Conversational Turn Detector: Measuring How Video Conversations Affect Student Learning in Online Classes,2016,Full Paper,Learner Modelling,"Adam Stankiewicz, Chinmay Kulkarni",https://dl.acm.org/doi/pdf/10.1145/2876034.2876048,2016_$1 Conversational Turn Detector: Measuring How Video Conversations Affect Student Learning in Online Classes.pdf,10.1145/2876034.2876048,2876034.2876048.pdf
Boris,Roussev,Course Builder Skill Maps,2016,WIP,Work in Progress,"Boris Roussev, Pavel Simakov, John Orr, Amit Deutsch, John Cox, Michael Lenaghan, Mike Gainer",https://dl.acm.org/doi/pdf/10.1145/2876034.2893374,2016_Course Builder Skill Maps.pdf,10.1145/2876034.2893374,2876034.2893374.pdf
Siddharth,Reddy,Learning Student and Content Embeddings for Personalized Lesson Sequence Recommendation,2016,WIP,Work in Progress,"Siddharth Reddy, Igor Labutov, Thorsten Joachims",https://dl.acm.org/doi/pdf/10.1145/2876034.2893375,2016_Learning Student and Content Embeddings for Personalized Lesson Sequence Recommendation.pdf,10.1145/2876034.2893375,2876034.2893375.pdf
Stephen,Cummins,Supporting Scalable Data Sharing in Online Education,2016,WIP,Work in Progress,"Stephen Cummins, Alastair R. Beresford, Ian Davies, Andrew C. Rice",https://dl.acm.org/doi/pdf/10.1145/2876034.2893376,2016_Supporting Scalable Data Sharing in Online Education.pdf,10.1145/2876034.2893376,2876034.2893376.pdf
René F.,Kizilcec,Recommending Self-Regulated Learning Strategies Does Not Improve Performance in a MOOC,2016,WIP,Work in Progress,"René F. Kizilcec, Mar Pérez-Sanagustín, Jorge J. Maldonado",https://dl.acm.org/doi/pdf/10.1145/2876034.2893378,2016_Recommending Self-Regulated Learning Strategies Does Not Improve Performance in a MOOC.pdf,10.1145/2876034.2893378,2876034.2893378.pdf
Stephen,Cummins,Investigating the Use of Hints in Online Problem Solving,2016,WIP,Work in Progress,"Stephen Cummins, Alistair Stead, Lisa Jardine-Wright, Ian Davies, Alastair R. Beresford, Andrew C. Rice",https://dl.acm.org/doi/pdf/10.1145/2876034.2893379,2016_Investigating the Use of Hints in Online Problem Solving.pdf,10.1145/2876034.2893379,2876034.2893379.pdf
Nicholas,Lewkow,A Scalable Learning Analytics Platform for Automated Writing Feedback,2016,WIP,Work in Progress,"Nicholas Lewkow, Jacqueline L. Feild, Neil L. Zimmerman, Mark Riedesel, Alfred Essa, David Boulanger, Jeremie Seanosky, Vive Kumar, Kinshuk, Sandhya Kode",https://dl.acm.org/doi/pdf/10.1145/2876034.2893380,2016_A Scalable Learning Analytics Platform for Automated Writing Feedback.pdf,10.1145/2876034.2893380,2876034.2893380.pdf
Yan,Wang,The Opportunity Count Model: A Flexible Approach to Modeling Student Performance,2016,WIP,Work in Progress,"Yan Wang, Korinn Ostrow, Seth Adjei, Neil T. Heffernan",https://dl.acm.org/doi/pdf/10.1145/2876034.2893382,2016_The Opportunity Count Model: A Flexible Approach to Modeling Student Performance.pdf,10.1145/2876034.2893382,2876034.2893382.pdf
David A.,Joyner,The Unexpected Pedagogical Benefits of Making Higher Education Accessible,2016,WIP,Work in Progress,"David A. Joyner, Ashok K. Goel, Charles Lee Isbell Jr.",https://dl.acm.org/doi/pdf/10.1145/2876034.2893383,2016_The Unexpected Pedagogical Benefits of Making Higher Education Accessible.pdf,10.1145/2876034.2893383,2876034.2893383.pdf
David A.,Joyner,Expert Evaluation of 300 Projects per Day,2016,WIP,Work in Progress,David A. Joyner,https://dl.acm.org/doi/pdf/10.1145/2876034.2893384,2016_Expert Evaluation of 300 Projects per Day.pdf,10.1145/2876034.2893384,2876034.2893384.pdf
Karen,Swan,Metaphors for Learning and MOOC Pedagogies,2016,WIP,Work in Progress,"Karen Swan, Scott Day, Leonard Bogle",https://dl.acm.org/doi/pdf/10.1145/2876034.2893385,2016_Metaphors for Learning and MOOC Pedagogies.pdf,10.1145/2876034.2893385,2876034.2893385.pdf
Silvia Elena,Gallagher,Observing URL Sharing Behaviour in Massive Online Open Courses,2016,WIP,Work in Progress,"Silvia Elena Gallagher, Timothy Savage",https://dl.acm.org/doi/pdf/10.1145/2876034.2893387,2016_Observing URL Sharing Behaviour in Massive Online Open Courses.pdf,10.1145/2876034.2893387,2876034.2893387.pdf
Leo,Leppänen,Illusion of Progress is Moar Addictive than Cat Pictures,2016,WIP,Work in Progress,"Leo Leppänen, Lassi Vapaakallio, Arto Vihavainen",https://dl.acm.org/doi/pdf/10.1145/2876034.2893388,2016_Illusion of Progress is Moar Addictive than Cat Pictures.pdf,10.1145/2876034.2893388,2876034.2893388.pdf
Jan,Renz,Enabling Schema Agnostic Learning Analytics in a Service-Oriented MOOC Platform,2016,WIP,Work in Progress,"Jan Renz, Gerardo Navarro-Suarez, Rowshan Sathi, Thomas Staubitz, Christoph Meinel",https://dl.acm.org/doi/pdf/10.1145/2876034.2893389,2016_Enabling Schema Agnostic Learning Analytics in a Service-Oriented MOOC Platform.pdf,10.1145/2876034.2893389,2876034.2893389.pdf
Chaohua,Ou,Designing Videos with Pedagogical Strategies: Online Students' Perceptions of Their Effectiveness,2016,WIP,Work in Progress,"Chaohua Ou, Ashok K. Goel, David A. Joyner, Daniel F. Haynes",https://dl.acm.org/doi/pdf/10.1145/2876034.2893391,2016_Designing Videos with Pedagogical Strategies: Online Students' Perceptions of Their Effectiveness.pdf,10.1145/2876034.2893391,2876034.2893391.pdf
Kim M.,Kelly,Optimizing the Amount of Practice in an On-Line Platform,2016,WIP,Work in Progress,"Kim M. Kelly, Neil T. Heffernan",https://dl.acm.org/doi/pdf/10.1145/2876034.2893393,2016_Optimizing the Amount of Practice in an On-Line Platform.pdf,10.1145/2876034.2893393,2876034.2893393.pdf
Igor,Labutov,Optimally Discriminative Choice Sets in Discrete Choice Models: Application to Data-Driven Test Design,2016,WIP,Work in Progress,"Igor Labutov, Kelvin Luu, Hod Lipson, Christoph Studer",https://dl.acm.org/doi/pdf/10.1145/2876034.2893394,2016_Optimally Discriminative Choice Sets in Discrete Choice Models: Application to Data-Driven Test Design.pdf,10.1145/2876034.2893394,2876034.2893394.pdf
Kristin,Stephens-Martinez,Identifying Student Misunderstandings using Constructed Responses,2016,WIP,Work in Progress,"Kristin Stephens-Martinez, An Ju, Colin Schoen, John DeNero, Armando Fox",https://dl.acm.org/doi/pdf/10.1145/2876034.2893395,2016_Identifying Student Misunderstandings using Constructed Responses.pdf,10.1145/2876034.2893395,2876034.2893395.pdf
Jennifer S.,Kay,The Distributed Esteemed Endorser Review: A Novel Approach to Participant Assessment in MOOCs,2016,WIP,Work in Progress,"Jennifer S. Kay, Tyler J. Nolan, Thomas M. Grello",https://dl.acm.org/doi/pdf/10.1145/2876034.2893396,2016_The Distributed Esteemed Endorser Review: A Novel Approach to Participant Assessment in MOOCs.pdf,10.1145/2876034.2893396,2876034.2893396.pdf
Lorenzo,Vigentini,Evaluating the 'Student' Experience in MOOCs,2016,WIP,Work in Progress,"Lorenzo Vigentini, Catherine Zhao",https://dl.acm.org/doi/pdf/10.1145/2876034.2893469,2016_Evaluating the 'Student' Experience in MOOCs.pdf,10.1145/2876034.2893469,2876034.2893469.pdf
Devendra Singh,Chaplot,Personalized Adaptive Learning using Neural Networks,2016,WIP,Work in Progress,"Devendra Singh Chaplot, Eunhee Rhim, Jihie Kim",https://dl.acm.org/doi/pdf/10.1145/2876034.2893397,2016_Personalized Adaptive Learning using Neural Networks.pdf,10.1145/2876034.2893397,2876034.2893397.pdf
Judith,Uchidiuno,Understanding ESL Students' Motivations to Increase MOOC Accessibility,2016,WIP,Work in Progress,"Judith Uchidiuno, Amy Ogan, Evelyn Yarzebinski, Jessica Hammer",https://dl.acm.org/doi/pdf/10.1145/2876034.2893398,2016_Understanding ESL Students' Motivations to Increase MOOC Accessibility.pdf,10.1145/2876034.2893398,2876034.2893398.pdf
Xiang,Fu,LINK-REPORT: Outcome Analysis of Informal Learning at Scale,2016,WIP,Work in Progress,"Xiang Fu, Tyler Befferman, M. D. Burghardt",https://dl.acm.org/doi/pdf/10.1145/2876034.2893407,2016_LINK-REPORT: Outcome Analysis of Informal Learning at Scale.pdf,10.1145/2876034.2893407,2876034.2893407.pdf
Elaine,Farrow,Beetle-Grow: An Effective Intelligent Tutoring System for Data Collection,2016,WIP,Work in Progress,"Elaine Farrow, Myroslava O. Dzikovska, Johanna D. Moore",https://dl.acm.org/doi/pdf/10.1145/2876034.2893408,2016_Beetle-Grow: An Effective Intelligent Tutoring System for Data Collection.pdf,10.1145/2876034.2893408,2876034.2893408.pdf
Douglas,Selent,ASSISTments Dataset from Multiple Randomized Controlled Experiments,2016,WIP,Work in Progress,"Douglas Selent, Thanaporn Patikorn, Neil T. Heffernan",https://dl.acm.org/doi/pdf/10.1145/2876034.2893409,2016_ASSISTments Dataset from Multiple Randomized Controlled Experiments.pdf,10.1145/2876034.2893409,2876034.2893409.pdf
Elizabeth A.,McBride,Predicting Student Learning using Log Data from Interactive Simulations on Climate Change,2016,WIP,Work in Progress,"Elizabeth A. McBride, Jonathan M. Vitale, Hannah Gogel, Mario M. Martinez, Zachary A. Pardos, Marcia C. Linn",https://dl.acm.org/doi/pdf/10.1145/2876034.2893410,2016_Predicting Student Learning using Log Data from Interactive Simulations on Climate Change.pdf,10.1145/2876034.2893410,2876034.2893410.pdf
Meen Chul,Kim,A Constructionist Toolkit for Learning Elementary Web Development at Scale,2016,WIP,Work in Progress,"Meen Chul Kim, Thomas H. Park, Brian Lee, Sukrit Chhabra, Andrea Forte",https://dl.acm.org/doi/pdf/10.1145/2876034.2893411,2016_A Constructionist Toolkit for Learning Elementary Web Development at Scale.pdf,10.1145/2876034.2893411,2876034.2893411.pdf
Cristóbal,Romero,Using Android Wear for Avoiding Procrastination Behaviours in MOOCs,2016,WIP,Work in Progress,"Cristóbal Romero, Rebeca Cerezo, Jose Antonio Espino, Manuel Bermúdez",https://dl.acm.org/doi/pdf/10.1145/2876034.2893412,2016_Using Android Wear for Avoiding Procrastination Behaviours in MOOCs.pdf,10.1145/2876034.2893412,2876034.2893412.pdf
Denise C.,Nacu,Beyond Traditional Metrics: Using Automated Log Coding to Understand 21st Century Learning Online,2016,WIP,Work in Progress,"Denise C. Nacu, Caitlin Kennedy Martin, Michael Schutzenhofer, Nichole Pinkard",https://dl.acm.org/doi/pdf/10.1145/2876034.2893413,2016_Beyond Traditional Metrics: Using Automated Log Coding to Understand 21st Century Learning Online.pdf,10.1145/2876034.2893413,2876034.2893413.pdf
Thushari,Atapattu,A Framework for Topic Generation and Labeling from MOOC Discussions,2016,WIP,Work in Progress,"Thushari Atapattu, Katrina Falkner",https://dl.acm.org/doi/pdf/10.1145/2876034.2893414,2016_A Framework for Topic Generation and Labeling from MOOC Discussions.pdf,10.1145/2876034.2893414,2876034.2893414.pdf
Anna,Kasunic,"A Preliminary Look at MOOC-associated Facebook Groups: Prevalence, Geographic Representation, and Homophily",2016,WIP,Work in Progress,"Anna Kasunic, Jessica Hammer, Robert E. Kraut, Michael Massimi, Amy Ogan",https://dl.acm.org/doi/pdf/10.1145/2876034.2893415,"2016_A Preliminary Look at MOOC-associated Facebook Groups: Prevalence, Geographic Representation, and Homophily.pdf",10.1145/2876034.2893415,2876034.2893415.pdf
Zhuo,Wang,Structured Knowledge Tracing Models for Student Assessment on Coursera,2016,WIP,Work in Progress,"Zhuo Wang, Jile Zhu, Xiang Li, Zhiting Hu, Ming Zhang",https://dl.acm.org/doi/pdf/10.1145/2876034.2893416,2016_Structured Knowledge Tracing Models for Student Assessment on Coursera.pdf,10.1145/2876034.2893416,2876034.2893416.pdf
Mingyu,Feng,Predicting Students' Standardized Test Scores Using Online Homework,2016,WIP,Work in Progress,"Mingyu Feng, Jeremy Roschelle",https://dl.acm.org/doi/pdf/10.1145/2876034.2893417,2016_Predicting Students' Standardized Test Scores Using Online Homework.pdf,10.1145/2876034.2893417,2876034.2893417.pdf
Miguel,Sánchez-Santillán,Predicting Students' Performance: Incremental Interaction Classifiers,2016,WIP,Work in Progress,"Miguel Sánchez-Santillán, M. Puerto Paule-Ruíz, Rebeca Cerezo, José Carlos Núñez",https://dl.acm.org/doi/pdf/10.1145/2876034.2893418,2016_Predicting Students' Performance: Incremental Interaction Classifiers.pdf,10.1145/2876034.2893418,2876034.2893418.pdf
Rebecca,Ferguson,Learning at Scale: Using an Evidence Hub To Make Sense of What We Know,2016,WIP,Work in Progress,Rebecca Ferguson,https://dl.acm.org/doi/pdf/10.1145/2876034.2893419,2016_Learning at Scale: Using an Evidence Hub To Make Sense of What We Know.pdf,10.1145/2876034.2893419,2876034.2893419.pdf
Suin,Kim,Elice: An online CS Education Platform to Understand How Students Learn Programming,2016,WIP,Work in Progress,"Suin Kim, Jae Won Kim, Jungkook Park, Alice Oh",https://dl.acm.org/doi/pdf/10.1145/2876034.2893420,2016_Elice: An online CS Education Platform to Understand How Students Learn Programming.pdf,10.1145/2876034.2893420,2876034.2893420.pdf
Jennifer,DeBoer,Work in Progress: Student Behaviors Using Feedback in a Blended Physics Undergraduate Classroom,2016,WIP,Work in Progress,"Jennifer DeBoer, Lori Breslow",https://dl.acm.org/doi/pdf/10.1145/2876034.2893421,2016_Work in Progress: Student Behaviors Using Feedback in a Blended Physics Undergraduate Classroom.pdf,10.1145/2876034.2893421,2876034.2893421.pdf
Taylor,Martin,Macro Data for Micro Learning: Developing the FUN! Tool for Automated Assessment of Learning,2016,WIP,Work in Progress,"Taylor Martin, Sarah Brasiel, Soojeong Jeong, Kevin Close, Kevin Lawanto, Phil Janisciewcz",https://dl.acm.org/doi/pdf/10.1145/2876034.2893422,2016_Macro Data for Micro Learning: Developing the FUN! Tool for Automated Assessment of Learning.pdf,10.1145/2876034.2893422,2876034.2893422.pdf
Kwamena,Appiah-Kubi,PEER Support In MOOCs: The Role Of Social Presence,2016,WIP,Work in Progress,"Kwamena Appiah-Kubi, Duncan Rowland",https://dl.acm.org/doi/pdf/10.1145/2876034.2893423,2016_PEER Support In MOOCs: The Role Of Social Presence.pdf,10.1145/2876034.2893423,2876034.2893423.pdf
Pushkar,Kolhe,Peer Reviewing Short Answers using Comparative Judgement,2016,WIP,Work in Progress,"Pushkar Kolhe, Michael L. Littman, Charles L. Isbell Jr.",https://dl.acm.org/doi/pdf/10.1145/2876034.2893424,2016_Peer Reviewing Short Answers using Comparative Judgement.pdf,10.1145/2876034.2893424,2876034.2893424.pdf
Shuchi,Grover,Assessing Problem-Solving Process At Scale,2016,WIP,Work in Progress,"Shuchi Grover, Marie A. Bienkowski, John Niekrasz, Matthias Hauswirth",https://dl.acm.org/doi/pdf/10.1145/2876034.2893425,2016_Assessing Problem-Solving Process At Scale.pdf,10.1145/2876034.2893425,2876034.2893425.pdf
Olga,Firssova,Designing for Open Learning: Design Principles and Scalability Affordances in Practice,2016,WIP,Work in Progress,"Olga Firssova, Francis Brouns, Marco Kalz",https://dl.acm.org/doi/pdf/10.1145/2876034.2893426,2016_Designing for Open Learning: Design Principles and Scalability Affordances in Practice.pdf,10.1145/2876034.2893426,2876034.2893426.pdf
Aneesha,Bakharia,Towards Cross-domain MOOC Forum Post Classification,2016,WIP,Work in Progress,Aneesha Bakharia,https://dl.acm.org/doi/pdf/10.1145/2876034.2893427,2016_Towards Cross-domain MOOC Forum Post Classification.pdf,10.1145/2876034.2893427,2876034.2893427.pdf
Chase,Geigle,Scaling up Online Question Answering via Similar Question Retrieval,2016,WIP,Work in Progress,"Chase Geigle, ChengXiang Zhai",https://dl.acm.org/doi/pdf/10.1145/2876034.2893428,2016_Scaling up Online Question Answering via Similar Question Retrieval.pdf,10.1145/2876034.2893428,2876034.2893428.pdf
Alan J.,Dix,"Challenge and Potential of Fine Grain, Cross-Institutional Learning Data",2016,WIP,Work in Progress,Alan J. Dix,https://dl.acm.org/doi/pdf/10.1145/2876034.2893429,"2016_Challenge and Potential of Fine Grain, Cross-Institutional Learning Data.pdf",10.1145/2876034.2893429,2876034.2893429.pdf
Ruth,Cobos,Open-DLAs: An Open Dashboard for Learning Analytics,2016,WIP,Work in Progress,"Ruth Cobos, Silvia Gil, Angel Lareo, Francisco A. Vargas",https://dl.acm.org/doi/pdf/10.1145/2876034.2893430,2016_Open-DLAs: An Open Dashboard for Learning Analytics.pdf,10.1145/2876034.2893430,2876034.2893430.pdf
Vitomir,Kovanovic,Profiling MOOC Course Returners: How Does Student Behavior Change Between Two Course Enrollments?  269-272,2016,WIP,Work in Progress,"Vitomir Kovanovic, Srecko Joksimovic, Dragan Gasevic, James Owers, Anne-Marie Scott, Amy Woodgate",https://dl.acm.org/doi/pdf/10.1145/2876034.2893431,2016_Profiling MOOC Course Returners: How Does Student Behavior Change Between Two Course Enrollments?  269-272.pdf,10.1145/2876034.2893431,2876034.2893431.pdf
Tina,Papathoma,Making the Production of Learning at Scale More Open and Flexible,2016,WIP,Work in Progress,"Tina Papathoma, Rebecca Ferguson, Allison Littlejohn, Angela Coe",https://dl.acm.org/doi/pdf/10.1145/2876034.2893432,2016_Making the Production of Learning at Scale More Open and Flexible.pdf,10.1145/2876034.2893432,2876034.2893432.pdf
Judith,Uchidiuno,Browser Language Preferences as a Metric for Identifying ESL Speakers in MOOCs,2016,WIP,Work in Progress,"Judith Uchidiuno, Amy Ogan, Kenneth R. Koedinger, Evelyn Yarzebinski, Jessica Hammer",https://dl.acm.org/doi/pdf/10.1145/2876034.2893433,2016_Browser Language Preferences as a Metric for Identifying ESL Speakers in MOOCs.pdf,10.1145/2876034.2893433,2876034.2893433.pdf
Tzu-Chi,Yang,An Investigation of the Effects of Online Test Strategy on Students' Learning Behaviors,2016,WIP,Work in Progress,"Tzu-Chi Yang, Dai Ling Shih, Meng Chang Chen",https://dl.acm.org/doi/pdf/10.1145/2876034.2893434,2016_An Investigation of the Effects of Online Test Strategy on Students' Learning Behaviors.pdf,10.1145/2876034.2893434,2876034.2893434.pdf
Dana,Sheahen,TAPS: A MOSS Extension for Detecting Software Plagiarism at Scale,2016,WIP,Work in Progress,"Dana Sheahen, David A. Joyner",https://dl.acm.org/doi/pdf/10.1145/2876034.2893435,2016_TAPS: A MOSS Extension for Detecting Software Plagiarism at Scale.pdf,10.1145/2876034.2893435,2876034.2893435.pdf
Siddharth,Reddy,A Queueing Network Model for Spaced Repetition,2016,WIP,Work in Progress,"Siddharth Reddy, Igor Labutov, Siddhartha Banerjee",https://dl.acm.org/doi/pdf/10.1145/2876034.2893436,2016_A Queueing Network Model for Spaced Repetition.pdf,10.1145/2876034.2893436,2876034.2893436.pdf
Jiye,Baek,Promoting Student Engagement in MOOCs,2016,WIP,Work in Progress,"Jiye Baek, Jesse Shore",https://dl.acm.org/doi/pdf/10.1145/2876034.2893437,2016_Promoting Student Engagement in MOOCs.pdf,10.1145/2876034.2893437,2876034.2893437.pdf
Katherine A.,Brady,Exploring the Effects of Lightweight Social Incentives on Learner Performance in MOOCs,2016,WIP,Work in Progress,"Katherine A. Brady, Douglas H. Fisher, Gayathri Narasimham",https://dl.acm.org/doi/pdf/10.1145/2876034.2893438,2016_Exploring the Effects of Lightweight Social Incentives on Learner Performance in MOOCs.pdf,10.1145/2876034.2893438,2876034.2893438.pdf
Tricia,Ngoon,Supporting Peer Instruction with Evidence-Based Online Instructional Templates,2016,WIP,Work in Progress,"Tricia Ngoon, Alexander Gamero-Garrido, Scott R. Klemmer",https://dl.acm.org/doi/pdf/10.1145/2876034.2893439,2016_Supporting Peer Instruction with Evidence-Based Online Instructional Templates.pdf,10.1145/2876034.2893439,2876034.2893439.pdf
Aditya,Vishwanath,Learning about Teaching in Low-Resource Indian Contexts,2016,WIP,Work in Progress,"Aditya Vishwanath, Arkadeep Kumar, Neha Kumar",https://dl.acm.org/doi/pdf/10.1145/2876034.2893440,2016_Learning about Teaching in Low-Resource Indian Contexts.pdf,10.1145/2876034.2893440,2876034.2893440.pdf
Matthew,West,Modeling Student Scheduling Preferences in a Computer-Based Testing Facility,2016,WIP,Work in Progress,"Matthew West, Craig B. Zilles",https://dl.acm.org/doi/pdf/10.1145/2876034.2893441,2016_Modeling Student Scheduling Preferences in a Computer-Based Testing Facility.pdf,10.1145/2876034.2893441,2876034.2893441.pdf
Vincent,Aleven,Bringing Non-programmer Authoring of Intelligent Tutors to MOOCs,2016,WIP,Work in Progress,"Vincent Aleven, Ryan S. Baker, Yuan Wang, Jonathan Sewall, Octav Popescu",https://dl.acm.org/doi/pdf/10.1145/2876034.2893442,2016_Bringing Non-programmer Authoring of Intelligent Tutors to MOOCs.pdf,10.1145/2876034.2893442,2876034.2893442.pdf
Rika,Antonova,Automatically Learning to Teach to the Learning Objectives,2016,WIP,Work in Progress,"Rika Antonova, Joe Runde, Min Hyung Lee, Emma Brunskill",https://dl.acm.org/doi/pdf/10.1145/2876034.2893443,2016_Automatically Learning to Teach to the Learning Objectives.pdf,10.1145/2876034.2893443,2876034.2893443.pdf
Steven,Tang,Deep Neural Networks and How They Apply to Sequential Education Data,2016,WIP,Work in Progress,"Steven Tang, Joshua C. Peterson, Zachary A. Pardos",https://dl.acm.org/doi/pdf/10.1145/2876034.2893444,2016_Deep Neural Networks and How They Apply to Sequential Education Data.pdf,10.1145/2876034.2893444,2876034.2893444.pdf
Christian,Rapp,Thesis Writer (TW): Tapping Scale Effects in Academic Writing Instruction,2016,Full Paper,Demonstrations,"Christian Rapp, Otto Kruse",https://dl.acm.org/doi/pdf/10.1145/2876034.2893400,2016_Thesis Writer (TW): Tapping Scale Effects in Academic Writing Instruction.pdf,10.1145/2876034.2893400,2876034.2893400.pdf
Christian,Rapp,e-Tutor: Scaling Staff Development in the Area of e-Learning Competences,2016,Full Paper,Demonstrations,"Christian Rapp, Yasemin Gülbahar",https://dl.acm.org/doi/pdf/10.1145/2876034.2893401,2016_e-Tutor: Scaling Staff Development in the Area of e-Learning Competences.pdf,10.1145/2876034.2893401,2876034.2893401.pdf
Héctor J. Pijeira,Díaz,A Demonstration of ANALYSE: A Learning Analytics Tool for Open edX,2016,Full Paper,Demonstrations,"Héctor J. Pijeira Díaz, Javier Santofimia Ruiz, José A. Ruipérez Valiente, Pedro J. Muñoz Merino, Carlos Delgado Kloos",https://dl.acm.org/doi/pdf/10.1145/2876034.2893402,2016_A Demonstration of ANALYSE: A Learning Analytics Tool for Open edX.pdf,10.1145/2876034.2893402,2876034.2893402.pdf
Elaine,Farrow,Beetle-Grow: An Effective Intelligent Tutoring System to Support Conceptual Change,2016,Full Paper,Demonstrations,"Elaine Farrow, Johanna D. Moore",https://dl.acm.org/doi/pdf/10.1145/2876034.2893403,2016_Beetle-Grow: An Effective Intelligent Tutoring System to Support Conceptual Change.pdf,10.1145/2876034.2893403,2876034.2893403.pdf
Korinn S.,Ostrow,Studying Learning at Scale with the ASSISTments TestBed,2016,Full Paper,Demonstrations,"Korinn S. Ostrow, Neil T. Heffernan",https://dl.acm.org/doi/pdf/10.1145/2876034.2893404,2016_Studying Learning at Scale with the ASSISTments TestBed.pdf,10.1145/2876034.2893404,2876034.2893404.pdf
Colin,Fredericks,Instructor Dashboards In EdX,2016,Full Paper,Demonstrations,"Colin Fredericks, Glenn Lopez, Victor Shnayder, Saif Rayyan, Daniel T. Seaton",https://dl.acm.org/doi/pdf/10.1145/2876034.2893405,2016_Instructor Dashboards In EdX.pdf,10.1145/2876034.2893405,2876034.2893405.pdf
Suin,Kim,Elivate: A Real-Time Assistant for Students and Lecturers as Part of an Online CS Education Platform,2016,Full Paper,Demonstrations,"Suin Kim, Jae Won Kim, Jungkook Park, Alice Oh",https://dl.acm.org/doi/pdf/10.1145/2876034.2893406,2016_Elivate: A Real-Time Assistant for Students and Lecturers as Part of an Online CS Education Platform.pdf,10.1145/2876034.2893406,2876034.2893406.pdf
Mike,Sharples,Effective Pedagogy at Scale: Social Learning and Citizen Inquiry,2016,Full Paper,Keynote Address,Mike Sharples,https://dl.acm.org/doi/pdf/10.1145/2876034.2896321,2016_Effective Pedagogy at Scale: Social Learning and Citizen Inquiry.pdf,10.1145/2876034.2896321,2876034.2896321.pdf
Mohammad Hassan,Falakmasir,A Data-Driven Approach for Inferring Student Proficiency from Game Activity Logs,2016,Full Paper,Automated Assessment,"Mohammad Hassan Falakmasir, José P. González-Brenes, Geoffrey J. Gordon, Kristen E. DiCerbo",https://dl.acm.org/doi/pdf/10.1145/2876034.2876038,2016_A Data-Driven Approach for Inferring Student Proficiency from Game Activity Logs.pdf,10.1145/2876034.2876038,2876034.2876038.pdf
Chase,Geigle,An Exploration of Automated Grading of Complex Assignments,2016,Full Paper,Automated Assessment,"Chase Geigle, ChengXiang Zhai, Duncan C. Ferguson",https://dl.acm.org/doi/pdf/10.1145/2876034.2876049,2016_An Exploration of Automated Grading of Complex Assignments.pdf,10.1145/2876034.2876049,2876034.2876049.pdf
Sumukh,Sridhara,Fuzz Testing Projects in Massive Courses,2016,Full Paper,Automated Assessment,"Sumukh Sridhara, Brian Hou, Jeffrey Lu, John DeNero",https://dl.acm.org/doi/pdf/10.1145/2876034.2876050,2016_Fuzz Testing Projects in Massive Courses.pdf,10.1145/2876034.2876050,2876034.2876050.pdf
Mehdi S. M.,Sajjadi,Peer Grading in a Course on Algorithms and Data Structures: Machine Learning Algorithms do not Improve over Simple Baselines,2016,Full Paper,Automated Assessment,"Mehdi S. M. Sajjadi, Morteza Alamgir, Ulrike von Luxburg",https://dl.acm.org/doi/pdf/10.1145/2876034.2876036,2016_Peer Grading in a Course on Algorithms and Data Structures: Machine Learning Algorithms do not Improve over Simple Baselines.pdf,10.1145/2876034.2876036,2876034.2876036.pdf
Joseph Jay,Williams,AXIS: Generating Explanations at Scale with Learnersourcing and Machine Learning,2016,Full Paper,Flipped Session - Crowdsourcing the Feedback,"Joseph Jay Williams, Juho Kim, Anna N. Rafferty, Samuel G. Maldonado, Krzysztof Z. Gajos, Walter S. Lasecki, Neil T. Heffernan",https://dl.acm.org/doi/pdf/10.1145/2876034.2876042,2016_AXIS: Generating Explanations at Scale with Learnersourcing and Machine Learning.pdf,10.1145/2876034.2876042,2876034.2876042.pdf
Thomas,Staubitz,Improving the Peer Assessment Experience on MOOC Platforms,2016,Full Paper,Flipped Session - Crowdsourcing the Feedback,"Thomas Staubitz, Dominic Petrick, Matthias Bauer, Jan Renz, Christoph Meinel",https://dl.acm.org/doi/pdf/10.1145/2876034.2876043,2016_Improving the Peer Assessment Experience on MOOC Platforms.pdf,10.1145/2876034.2876043,2876034.2876043.pdf
David A.,Joyner,Graders as Meta-Reviewers: Simultaneously Scaling and Improving Expert Evaluation for Large Online Classrooms,2016,Full Paper,Flipped Session - Crowdsourcing the Feedback,"David A. Joyner, Wade Ashby, Liam Irish, Yeeling Lam, Jacob Langson, Isabel Lupiani, Mike Lustig, Paige Pettoruto, Dana Sheahen, Angela Smiley, Amy S. Bruckman, Ashok K. Goel",https://dl.acm.org/doi/pdf/10.1145/2876034.2876044,2016_Graders as Meta-Reviewers: Simultaneously Scaling and Improving Expert Evaluation for Large Online Classrooms.pdf,10.1145/2876034.2876044,2876034.2876044.pdf
Guanliang,Chen,Learning Transfer: Does It Take Place in MOOCs? An Investigation into the Uptake of Functional Programming in Practice,2016,Full Paper,Flipped Session - Outside the MOOC,"Guanliang Chen, Dan Davis, Claudia Hauff, Geert-Jan Houben",https://dl.acm.org/doi/pdf/10.1145/2876034.2876035,2016_Learning Transfer: Does It Take Place in MOOCs? An Investigation into the Uptake of Functional Programming in Practice.pdf,10.1145/2876034.2876035,2876034.2876035.pdf
Saijing,Zheng,The Role of Social Media in MOOCs: How to Use Social Media to Enhance Student Retention,2016,Full Paper,Flipped Session - Outside the MOOC,"Saijing Zheng, Kyungsik Han, Mary Beth Rosson, John M. Carroll",https://dl.acm.org/doi/pdf/10.1145/2876034.2876047,2016_The Role of Social Media in MOOCs: How to Use Social Media to Enhance Student Retention.pdf,10.1145/2876034.2876047,2876034.2876047.pdf
Ken,Koedinger,Practical Learning Research at Scale,2016,Full Paper,Keynote Address,Ken Koedinger,https://dl.acm.org/doi/pdf/10.1145/2876034.2876054,2016_Practical Learning Research at Scale.pdf,10.1145/2876034.2876054,2876034.2876054.pdf
Bror,Saxberg,Learning Engineering: The Art of Applying Learning Science at Scale,2017,Full Paper,Keynote Address,Bror Saxberg,https://dl.acm.org/doi/pdf/10.1145/3051457.3054019,2017_Learning Engineering: The Art of Applying Learning Science at Scale.pdf,10.1145/3051457.3054019,3051457.3054019.pdf
Shayan,Doroudi,Robust Evaluation Matrix: Towards a More Principled Offline Exploration of Instructional Policies,2017,Full Paper,Engineering Learning Environments,"Shayan Doroudi, Vincent Aleven, Emma Brunskill",https://dl.acm.org/doi/pdf/10.1145/3051457.3051463,2017_Robust Evaluation Matrix: Towards a More Principled Offline Exploration of Instructional Policies.pdf,10.1145/3051457.3051463,3051457.3051463.pdf
Lauren,Fratamico,A Visual Approach towards Knowledge Engineering and Understanding How Students Learn in Complex Environments,2017,Full Paper,Engineering Learning Environments,"Lauren Fratamico, Sarah Perez, Ido Roll",https://dl.acm.org/doi/pdf/10.1145/3051457.3051468,2017_A Visual Approach towards Knowledge Engineering and Understanding How Students Learn in Complex Environments.pdf,10.1145/3051457.3051468,3051457.3051468.pdf
Zachary A.,Pardos,Enabling Real-Time Adaptivity in MOOCs with a Personalized Next-Step Recommendation Framework,2017,Full Paper,Engineering Learning Environments,"Zachary A. Pardos, Steven Tang, Daniel Davis, Christopher Vu Le",https://dl.acm.org/doi/pdf/10.1145/3051457.3051471,2017_Enabling Real-Time Adaptivity in MOOCs with a Personalized Next-Step Recommendation Framework.pdf,10.1145/3051457.3051471,3051457.3051471.pdf
Sayamindu,Dasgupta,Learning to Code in Localized Programming Languages,2017,Full Paper,Learn to Code,"Sayamindu Dasgupta, Benjamin Mako Hill",https://dl.acm.org/doi/pdf/10.1145/3051457.3051464,2017_Learning to Code in Localized Programming Languages.pdf,10.1145/3051457.3051464,3051457.3051464.pdf
Eliane Stampfer,Wiese,Teaching Students to Recognize and Implement Good Coding Style,2017,Full Paper,Learn to Code,"Eliane Stampfer Wiese, Michael Yen, Antares Chen, Lucas A. Santos, Armando Fox",https://dl.acm.org/doi/pdf/10.1145/3051457.3051469,2017_Teaching Students to Recognize and Implement Good Coding Style.pdf,10.1145/3051457.3051469,3051457.3051469.pdf
Steven,Dang,Detecting Diligence with Online Behaviors on Intelligent Tutoring Systems,2017,Full Paper,Predicting and Explaining Learning,"Steven Dang, Michael Yudelson, Kenneth R. Koedinger",https://dl.acm.org/doi/pdf/10.1145/3051457.3051470,2017_Detecting Diligence with Online Behaviors on Intelligent Tutoring Systems.pdf,10.1145/3051457.3051470,3051457.3051470.pdf
Petr,Johanes,Epistemic Cognition: A Promising and Necessary Construct for Enriching Large-scale Online Learning Analysis,2017,Full Paper,Predicting and Explaining Learning,Petr Johanes,https://dl.acm.org/doi/pdf/10.1145/3051457.3051462,2017_Epistemic Cognition: A Promising and Necessary Construct for Enriching Large-scale Online Learning Analysis.pdf,10.1145/3051457.3051462,3051457.3051462.pdf
David A.,Joyner,Scaling Expert Feedback: Two Case Studies,2017,Full Paper,Feedback for Improving Learning,David A. Joyner,https://dl.acm.org/doi/pdf/10.1145/3051457.3051459,2017_Scaling Expert Feedback: Two Case Studies.pdf,10.1145/3051457.3051459,3051457.3051459.pdf
Arjun,Singh,"Gradescope: A Fast, Flexible, and Fair System for Scalable Assessment of Handwritten Work",2017,Full Paper,Feedback for Improving Learning,"Arjun Singh, Sergey Karayev, Kevin Gutowski, Pieter Abbeel",https://dl.acm.org/doi/pdf/10.1145/3051457.3051466,"2017_Gradescope: A Fast, Flexible, and Fair System for Scalable Assessment of Handwritten Work.pdf",10.1145/3051457.3051466,3051457.3051466.pdf
Andrew,Head,Writing Reusable Code Feedback at Scale with Mixed-Initiative Program Synthesis,2017,Full Paper,Feedback for Improving Learning,"Andrew Head, Elena L. Glassman, Gustavo Soares, Ryo Suzuki, Lucas Figueredo, Loris D'Antoni, Björn Hartmann",https://dl.acm.org/doi/pdf/10.1145/3051457.3051467,2017_Writing Reusable Code Feedback at Scale with Mixed-Initiative Program Synthesis.pdf,10.1145/3051457.3051467,3051457.3051467.pdf
Mitchel,Resnick,Creative Learning @ Scale,2017,Full Paper,Plenary Panel,"Mitchel Resnick, Karen Brennan, Cristóbal Cobo, Philipp Schmidt",https://dl.acm.org/doi/pdf/10.1145/3051457.3054034,2017_Creative Learning @ Scale.pdf,10.1145/3051457.3054034,3051457.3054034.pdf
Juho,Leinonen,Preventing Keystroke Based Identification in Open Data Sets,2017,Full Paper,Integrity of Courses and Learners,"Juho Leinonen, Petri Ihantola, Arto Hellas",https://dl.acm.org/doi/pdf/10.1145/3051457.3051458,2017_Preventing Keystroke Based Identification in Open Data Sets.pdf,10.1145/3051457.3051458,3051457.3051458.pdf
Binglin,Chen,Do Performance Trends Suggest Wide-spread Collaborative Cheating on Asynchronous Exams?  111-120,2017,Full Paper,Integrity of Courses and Learners,"Binglin Chen, Matthew West, Craig B. Zilles",https://dl.acm.org/doi/pdf/10.1145/3051457.3051465,2017_Do Performance Trends Suggest Wide-spread Collaborative Cheating on Asynchronous Exams?  111-120.pdf,10.1145/3051457.3051465,3051457.3051465.pdf
René F.,Kizilcec,Towards Equal Opportunities in MOOCs: Affirmation Reduces Gender & Social-Class Achievement Gaps in China,2017,Full Paper,Experimentation,"René F. Kizilcec, Glenn M. Davis, Geoffrey L. Cohen",https://dl.acm.org/doi/pdf/10.1145/3051457.3051460,2017_Towards Equal Opportunities in MOOCs: Affirmation Reduces Gender & Social-Class Achievement Gaps in China.pdf,10.1145/3051457.3051460,3051457.3051460.pdf
Frans van der,Sluis,Learning about Learning at Scale: Methodological Challenges and Recommendations,2017,Full Paper,Experimentation,"Frans van der Sluis, Tim Van der Zee, Jasper Ginn",https://dl.acm.org/doi/pdf/10.1145/3051457.3051461,2017_Learning about Learning at Scale: Methodological Challenges and Recommendations.pdf,10.1145/3051457.3051461,3051457.3051461.pdf
Alexander,Kindel,Discourse: MOOC Discussion Forum Analysis at Scale,2017,Full Paper,Demonstrations,"Alexander Kindel, Michael Yeomans, Justin Reich, Brandon M. Stewart, Dustin Tingley",https://dl.acm.org/doi/pdf/10.1145/3051457.3053967,2017_Discourse: MOOC Discussion Forum Analysis at Scale.pdf,10.1145/3051457.3053967,3051457.3053967.pdf
Louis,Faucon,Demo of Orchestration Graph Engine: Enabling Rich Social Pedagogical Scenarios in MOOCs,2017,Full Paper,Demonstrations,"Louis Faucon, Stian Håklev, Thanasis Hadzilacos, Pierre Dillenbourg",https://dl.acm.org/doi/pdf/10.1145/3051457.3053968,2017_Demo of Orchestration Graph Engine: Enabling Rich Social Pedagogical Scenarios in MOOCs.pdf,10.1145/3051457.3053968,3051457.3053968.pdf
Rocael Hernández,Rizzardini,Full Engagement Educational Framework: A Practical Experience for a MicroMaster,2017,Full Paper,Demonstrations,"Rocael Hernández Rizzardini, Hector R. Amado-Salvatierra",https://dl.acm.org/doi/pdf/10.1145/3051457.3053969,2017_Full Engagement Educational Framework: A Practical Experience for a MicroMaster.pdf,10.1145/3051457.3053969,3051457.3053969.pdf
Rémi,Sharrock,CODECAST: An Innovative Technology to Facilitate Teaching and Learning Computer Programming in a C Language Online Course,2017,Full Paper,Demonstrations,"Rémi Sharrock, Ella Hamonic, Mathias Hiron, Sébastien Carlier",https://dl.acm.org/doi/pdf/10.1145/3051457.3053970,2017_CODECAST: An Innovative Technology to Facilitate Teaching and Learning Computer Programming in a C Language Online Course.pdf,10.1145/3051457.3053970,3051457.3053970.pdf
Ralf,Teusner,Taking Informed Action on Student Activity in MOOCs,2017,WIP,Work in Progress,"Ralf Teusner, Kai-Adrian Rollmann, Jan Renz",https://dl.acm.org/doi/pdf/10.1145/3051457.3053971,2017_Taking Informed Action on Student Activity in MOOCs.pdf,10.1145/3051457.3053971,3051457.3053971.pdf
Qian,Zhao,In-Video Reuse of Discussion Threads in MOOCs,2017,WIP,Work in Progress,"Qian Zhao, Sashank Varma, Joseph A. Konstan",https://dl.acm.org/doi/pdf/10.1145/3051457.3053972,2017_In-Video Reuse of Discussion Threads in MOOCs.pdf,10.1145/3051457.3053972,3051457.3053972.pdf
Jacob,Whitehill,A Crowdsourcing Approach to Collecting Tutorial Videos - Toward Personalized Learning-at-Scale,2017,WIP,Work in Progress,"Jacob Whitehill, Margo I. Seltzer",https://dl.acm.org/doi/pdf/10.1145/3051457.3053973,2017_A Crowdsourcing Approach to Collecting Tutorial Videos - Toward Personalized Learning-at-Scale.pdf,10.1145/3051457.3053973,3051457.3053973.pdf
Jacob,Whitehill,MOOC Dropout Prediction: How to Measure Accuracy?  161-164,2017,WIP,Work in Progress,"Jacob Whitehill, Kiran Mohan, Daniel T. Seaton, Yigal Rosen, Dustin Tingley",https://dl.acm.org/doi/pdf/10.1145/3051457.3053974,2017_MOOC Dropout Prediction: How to Measure Accuracy?  161-164.pdf,10.1145/3051457.3053974,3051457.3053974.pdf
Thomas,Staubitz,Collaboration and Teamwork on a MOOC Platform: A Toolset,2017,WIP,Work in Progress,"Thomas Staubitz, Christoph Meinel",https://dl.acm.org/doi/pdf/10.1145/3051457.3053975,2017_Collaboration and Teamwork on a MOOC Platform: A Toolset.pdf,10.1145/3051457.3053975,3051457.3053975.pdf
Liang,Zhang,Incorporating Rich Features into Deep Knowledge Tracing,2017,WIP,Work in Progress,"Liang Zhang, Xiaolu Xiong, Siyuan Zhao, Anthony Botelho, Neil T. Heffernan",https://dl.acm.org/doi/pdf/10.1145/3051457.3053976,2017_Incorporating Rich Features into Deep Knowledge Tracing.pdf,10.1145/3051457.3053976,3051457.3053976.pdf
Nickolas J. G.,Falkner,Formal Forum Triage: Towards the Strategic Selection of Responses to Student Discussion Forums,2017,WIP,Work in Progress,"Nickolas J. G. Falkner, Claudia Szabo, Katrina Falkner",https://dl.acm.org/doi/pdf/10.1145/3051457.3053977,2017_Formal Forum Triage: Towards the Strategic Selection of Responses to Student Discussion Forums.pdf,10.1145/3051457.3053977,3051457.3053977.pdf
Jeff,Offutt,A Novel Self-Paced Model for Teaching Programming,2017,WIP,Work in Progress,"Jeff Offutt, Paul Ammann, Kinga Dobolyi, Chris Kauffmann, Jaime Lester, Upsorn Praphamontripong, Huzefa Rangwala, Sanjeev Setia, Pearl Y. Wang, Liz White",https://dl.acm.org/doi/pdf/10.1145/3051457.3053978,2017_A Novel Self-Paced Model for Teaching Programming.pdf,10.1145/3051457.3053978,3051457.3053978.pdf
Glenn,Lopez,Google BigQuery for Education: Framework for Parsing and Analyzing edX MOOC Data,2017,WIP,Work in Progress,"Glenn Lopez, Daniel T. Seaton, Andrew M. Ang, Dustin Tingley, Isaac L. Chuang",https://dl.acm.org/doi/pdf/10.1145/3051457.3053980,2017_Google BigQuery for Education: Framework for Parsing and Analyzing edX MOOC Data.pdf,10.1145/3051457.3053980,3051457.3053980.pdf
Judith,Uchidiuno,Characterizing ELL Students' Behavior During MOOC Videos Using Content Type,2017,WIP,Work in Progress,"Judith Uchidiuno, Jessica Hammer, Evelyn Yarzebinski, Kenneth R. Koedinger, Amy Ogan",https://dl.acm.org/doi/pdf/10.1145/3051457.3053981,2017_Characterizing ELL Students' Behavior During MOOC Videos Using Content Type.pdf,10.1145/3051457.3053981,3051457.3053981.pdf
Siyuan,Zhao,A Memory-Augmented Neural Model for Automated Grading,2017,WIP,Work in Progress,"Siyuan Zhao, Yaqiong Zhang, Xiaolu Xiong, Anthony Botelho, Neil T. Heffernan",https://dl.acm.org/doi/pdf/10.1145/3051457.3053982,2017_A Memory-Augmented Neural Model for Automated Grading.pdf,10.1145/3051457.3053982,3051457.3053982.pdf
Hao,Wan,One Decision Tree is Enough to Make Customization,2017,WIP,Work in Progress,"Hao Wan, Joseph E. Beck",https://dl.acm.org/doi/pdf/10.1145/3051457.3053983,2017_One Decision Tree is Enough to Make Customization.pdf,10.1145/3051457.3053983,3051457.3053983.pdf
Sunbok,Lee,Factor Analysis Reveals Student Thinking using the Mechanics Reasoning Inventory,2017,WIP,Work in Progress,"Sunbok Lee, Zhongzhou Chen, David E. Pritchard, Alex Kimn, Andrew Paul",https://dl.acm.org/doi/pdf/10.1145/3051457.3053984,2017_Factor Analysis Reveals Student Thinking using the Mechanics Reasoning Inventory.pdf,10.1145/3051457.3053984,3051457.3053984.pdf
Lisa,Wang,Deep Knowledge Tracing On Programming Exercises,2017,WIP,Work in Progress,"Lisa Wang, Angela Sy, Larry Liu, Chris Piech",https://dl.acm.org/doi/pdf/10.1145/3051457.3053985,2017_Deep Knowledge Tracing On Programming Exercises.pdf,10.1145/3051457.3053985,3051457.3053985.pdf
Chase,Geigle,Modeling MOOC Student Behavior With Two-Layer Hidden Markov Models,2017,WIP,Work in Progress,"Chase Geigle, ChengXiang Zhai",https://dl.acm.org/doi/pdf/10.1145/3051457.3053986,2017_Modeling MOOC Student Behavior With Two-Layer Hidden Markov Models.pdf,10.1145/3051457.3053986,3051457.3053986.pdf
Selen,Türkay,"Getting to Know English Language Learners in MOOCs: Their Motivations, Behaviors, and Outcomes",2017,WIP,Work in Progress,"Selen Türkay, Hadas Eidelman, Yigal Rosen, Daniel T. Seaton, Glenn Lopez, Jacob Whitehill",https://dl.acm.org/doi/pdf/10.1145/3051457.3053987,"2017_Getting to Know English Language Learners in MOOCs: Their Motivations, Behaviors, and Outcomes.pdf",10.1145/3051457.3053987,3051457.3053987.pdf
Jill,Burstein,Generating Language Activities in Real-Time for English Learners using Language Muse,2017,WIP,Work in Progress,"Jill Burstein, Nitin Madnani, John Sabatini, Dan McCaffrey, Kietha Biggers, Kelsey Dreier",https://dl.acm.org/doi/pdf/10.1145/3051457.3053988,2017_Generating Language Activities in Real-Time for English Learners using Language Muse.pdf,10.1145/3051457.3053988,3051457.3053988.pdf
Yi,Cui,Humans and Machines Together: Improving Characterization of Large Scale Online Discussions through Dynamic Interrelated Post and Thread Categorization (DIPTiC),2017,WIP,Work in Progress,"Yi Cui, Wan Qi Jin, Alyssa Friend Wise",https://dl.acm.org/doi/pdf/10.1145/3051457.3053989,2017_Humans and Machines Together: Improving Characterization of Large Scale Online Discussions through Dynamic Interrelated Post and Thread Categorization (DIPTiC).pdf,10.1145/3051457.3053989,3051457.3053989.pdf
Alireza,Farasat,CROWDLEARNING: Towards Collaborative Problem-Posing at Scale,2017,WIP,Work in Progress,"Alireza Farasat, Alexander G. Nikolaev, Suzanne Miller, Rahul Gopalsamy",https://dl.acm.org/doi/pdf/10.1145/3051457.3053990,2017_CROWDLEARNING: Towards Collaborative Problem-Posing at Scale.pdf,10.1145/3051457.3053990,3051457.3053990.pdf
Francisco,Iniesto,What are the Expectations of Disabled Learners when Participating in a MOOC?  225-228,2017,WIP,Work in Progress,"Francisco Iniesto, Patrick McAndrew, Shailey Minocha, Tim Coughlan",https://dl.acm.org/doi/pdf/10.1145/3051457.3053991,2017_What are the Expectations of Disabled Learners when Participating in a MOOC?  225-228.pdf,10.1145/3051457.3053991,3051457.3053991.pdf
Vijaya,Dommeti,Applying and Exploring Bayesian Hypothesis Testing for Large Scale Experimentation in Online Tutoring Systems,2017,WIP,Work in Progress,"Vijaya Dommeti, Douglas Selent",https://dl.acm.org/doi/pdf/10.1145/3051457.3053992,2017_Applying and Exploring Bayesian Hypothesis Testing for Large Scale Experimentation in Online Tutoring Systems.pdf,10.1145/3051457.3053992,3051457.3053992.pdf
Yigal,Rosen,Designing Adaptive Assessments in MOOCs,2017,WIP,Work in Progress,"Yigal Rosen, Ilia Rushkin, Andrew M. Ang, Colin Fredericks, Dustin Tingley, Mary Jean Blink",https://dl.acm.org/doi/pdf/10.1145/3051457.3053993,2017_Designing Adaptive Assessments in MOOCs.pdf,10.1145/3051457.3053993,3051457.3053993.pdf
Zahid,Hossain,Authentic Science Inquiry Learning at Scale Enabled by an Interactive Biology Cloud Experimentation Lab,2017,WIP,Work in Progress,"Zahid Hossain, Engin Bumbacher, Paulo Blikstein, Ingmar H. Riedel-Kruse",https://dl.acm.org/doi/pdf/10.1145/3051457.3053994,2017_Authentic Science Inquiry Learning at Scale Enabled by an Interactive Biology Cloud Experimentation Lab.pdf,10.1145/3051457.3053994,3051457.3053994.pdf
Monika,Gupta,Intelligent Math Tutor: Problem-Based Approach to Create Cognizance,2017,WIP,Work in Progress,"Monika Gupta, Neelamadhav Gantayat, Renuka Sindhgatta",https://dl.acm.org/doi/pdf/10.1145/3051457.3053995,2017_Intelligent Math Tutor: Problem-Based Approach to Create Cognizance.pdf,10.1145/3051457.3053995,3051457.3053995.pdf
Joshua J.,Michalenko,D,2017,WIP,Work in Progress,"Joshua J. Michalenko, Andrew S. Lan, Richard G. Baraniuk",https://dl.acm.org/doi/pdf/10.1145/3051457.3053996,2017_D.pdf,10.1145/3051457.3053996,3051457.3053996.pdf
An,Ju,"Teamscope: Scalable Team Evaluation via Automated Metric Mining for Communication, Organization, Execution, and Evolution",2017,WIP,Work in Progress,"An Ju, Elena L. Glassman, Armando Fox",https://dl.acm.org/doi/pdf/10.1145/3051457.3053997,"2017_Teamscope: Scalable Team Evaluation via Automated Metric Mining for Communication, Organization, Execution, and Evolution.pdf",10.1145/3051457.3053997,3051457.3053997.pdf
Hao Fei,Cheng,ProjectLens: Supporting Project-based Collaborative Learning on MOOCs,2017,WIP,Work in Progress,"Hao Fei Cheng, Bowen Yu, Yeong Hoon Park, Haiyi Zhu",https://dl.acm.org/doi/pdf/10.1145/3051457.3053998,2017_ProjectLens: Supporting Project-based Collaborative Learning on MOOCs.pdf,10.1145/3051457.3053998,3051457.3053998.pdf
Ke,Wang,Data-Driven Feedback Generator for Online Programing Courses,2017,WIP,Work in Progress,"Ke Wang, Benjamin Lin, Bjorn Rettig, Paul Pardi, Rishabh Singh",https://dl.acm.org/doi/pdf/10.1145/3051457.3053999,2017_Data-Driven Feedback Generator for Online Programing Courses.pdf,10.1145/3051457.3053999,3051457.3053999.pdf
Stian,Håklev,Orchestration Graphs: Enabling Rich Social Pedagogical Scenarios in MOOCs,2017,WIP,Work in Progress,"Stian Håklev, Louis Faucon, Thanasis Hadzilacos, Pierre Dillenbourg",https://dl.acm.org/doi/pdf/10.1145/3051457.3054000,2017_Orchestration Graphs: Enabling Rich Social Pedagogical Scenarios in MOOCs.pdf,10.1145/3051457.3054000,3051457.3054000.pdf
Robert A.,Sottilare,Enhancing the Experience Application Program Interface (xAPI) to Improve Domain Competency Modeling for Adaptive Instruction,2017,WIP,Work in Progress,"Robert A. Sottilare, Rodney A. Long, Benjamin S. Goldberg",https://dl.acm.org/doi/pdf/10.1145/3051457.3054001,2017_Enhancing the Experience Application Program Interface (xAPI) to Improve Domain Competency Modeling for Adaptive Instruction.pdf,10.1145/3051457.3054001,3051457.3054001.pdf
Josh,Gardner,A Statistical Framework for Predictive Model Evaluation in MOOCs,2017,WIP,Work in Progress,"Josh Gardner, Christopher Brooks",https://dl.acm.org/doi/pdf/10.1145/3051457.3054002,2017_A Statistical Framework for Predictive Model Evaluation in MOOCs.pdf,10.1145/3051457.3054002,3051457.3054002.pdf
Lilach,Gal,Suggesting a Log-Based Creativity Measurement for Online Programming Learning Environment,2017,WIP,Work in Progress,"Lilach Gal, Arnon Hershkovitz, Andoni Eguíluz Morán, Mariluz Guenaga, Pablo Garaizar",https://dl.acm.org/doi/pdf/10.1145/3051457.3054003,2017_Suggesting a Log-Based Creativity Measurement for Online Programming Learning Environment.pdf,10.1145/3051457.3054003,3051457.3054003.pdf
Yasmine,Kotturi,Long-Term Peer Reviewing Effort is Anti-Reciprocal,2017,WIP,Work in Progress,"Yasmine Kotturi, Andrew Du, Scott R. Klemmer, Chinmay Kulkarni",https://dl.acm.org/doi/pdf/10.1145/3051457.3054004,2017_Long-Term Peer Reviewing Effort is Anti-Reciprocal.pdf,10.1145/3051457.3054004,3051457.3054004.pdf
Nia M.,Dowell,The Changing Patterns of MOOC Discourse,2017,WIP,Work in Progress,"Nia M. Dowell, Christopher A. Brooks, Vitomir Kovanovic, Srecko Joksimovic, Dragan Gasevic",https://dl.acm.org/doi/pdf/10.1145/3051457.3054005,2017_The Changing Patterns of MOOC Discourse.pdf,10.1145/3051457.3054005,3051457.3054005.pdf
Joseph Jay,Williams,MOOClets: A Framework for Dynamic Experimentation and Personalization,2017,WIP,Work in Progress,"Joseph Jay Williams, Anna N. Rafferty, Samuel G. Maldonado, Andrew M. Ang, Dustin Tingley, Juho Kim",https://dl.acm.org/doi/pdf/10.1145/3051457.3054006,2017_MOOClets: A Framework for Dynamic Experimentation and Personalization.pdf,10.1145/3051457.3054006,3051457.3054006.pdf
Sera,Thornton,Criteria for Video Engagement in a Biology MOOC,2017,WIP,Work in Progress,"Sera Thornton, Ceri Riley, Mary Ellen Wiltrout",https://dl.acm.org/doi/pdf/10.1145/3051457.3054007,2017_Criteria for Video Engagement in a Biology MOOC.pdf,10.1145/3051457.3054007,3051457.3054007.pdf
Stacey L. Houston,II,"Pass the Idea Please: The Relationship between Network Position, Direct Engagement, and Course Performance in MOOCs",2017,WIP,Work in Progress,"Stacey L. Houston II, Katherine A. Brady, Gayathri Narasimham, Douglas H. Fisher",https://dl.acm.org/doi/pdf/10.1145/3051457.3054008,"2017_Pass the Idea Please: The Relationship between Network Position, Direct Engagement, and Course Performance in MOOCs.pdf",10.1145/3051457.3054008,3051457.3054008.pdf
Biao,Yin,Observing Personalizations in Learning: Identifying Heterogeneous Treatment Effects Using Causal Trees,2017,WIP,Work in Progress,"Biao Yin, Thanaporn Patikorn, Anthony F. Botelho, Neil T. Heffernan",https://dl.acm.org/doi/pdf/10.1145/3051457.3054009,2017_Observing Personalizations in Learning: Identifying Heterogeneous Treatment Effects Using Causal Trees.pdf,10.1145/3051457.3054009,3051457.3054009.pdf
Assma,Boughoula,A Probabilistic Approach for Discovering Difficult Course Topics Using Clickstream Data,2017,WIP,Work in Progress,"Assma Boughoula, Chase Geigle, ChengXiang Zhai",https://dl.acm.org/doi/pdf/10.1145/3051457.3054010,2017_A Probabilistic Approach for Discovering Difficult Course Topics Using Clickstream Data.pdf,10.1145/3051457.3054010,3051457.3054010.pdf
David A.,Joyner,"Congruency, Adaptivity, Modularity, and Personalization: Four Experiments in Teaching Introduction to Computing",2017,WIP,Work in Progress,David A. Joyner,https://dl.acm.org/doi/pdf/10.1145/3051457.3054011,"2017_Congruency, Adaptivity, Modularity, and Personalization: Four Experiments in Teaching Introduction to Computing.pdf",10.1145/3051457.3054011,3051457.3054011.pdf
Rajan,Vaish,Mobilizing the Crowd to Create an Open Repository of Research Talks,2017,WIP,Work in Progress,"Rajan Vaish, Sharad Goel, Amin Saberi",https://dl.acm.org/doi/pdf/10.1145/3051457.3054012,2017_Mobilizing the Crowd to Create an Open Repository of Research Talks.pdf,10.1145/3051457.3054012,3051457.3054012.pdf
Dilrukshi,Gamage,Improving Assessment on MOOCs Through Peer Identification and Aligned Incentives,2017,WIP,Work in Progress,"Dilrukshi Gamage, Mark E. Whiting, Thejan Rajapakshe, Haritha Thilakarathne, Indika Perera, Shantha Fernando",https://dl.acm.org/doi/pdf/10.1145/3051457.3054013,2017_Improving Assessment on MOOCs Through Peer Identification and Aligned Incentives.pdf,10.1145/3051457.3054013,3051457.3054013.pdf
Amy X.,Zhang,Using Student Annotated Hashtags and Emojis to Collect Nuanced Affective States,2017,WIP,Work in Progress,"Amy X. Zhang, Michele Igo, Marc T. Facciotti, David R. Karger",https://dl.acm.org/doi/pdf/10.1145/3051457.3054014,2017_Using Student Annotated Hashtags and Emojis to Collect Nuanced Affective States.pdf,10.1145/3051457.3054014,3051457.3054014.pdf
Jill-Jênn,Vie,A Heuristic Method for Large-Scale Cognitive-Diagnostic Computerized Adaptive Testing,2017,WIP,Work in Progress,"Jill-Jênn Vie, Fabrice Popineau, Françoise Tort, Benjamin Marteau, Nathalie Denos",https://dl.acm.org/doi/pdf/10.1145/3051457.3054015,2017_A Heuristic Method for Large-Scale Cognitive-Diagnostic Computerized Adaptive Testing.pdf,10.1145/3051457.3054015,3051457.3054015.pdf
Curtis G.,Northcutt,Comment Ranking Diversification in Forum Discussions,2017,WIP,Work in Progress,"Curtis G. Northcutt, Kimberly A. Leon, Naichun Chen",https://dl.acm.org/doi/pdf/10.1145/3051457.3054016,2017_Comment Ranking Diversification in Forum Discussions.pdf,10.1145/3051457.3054016,3051457.3054016.pdf
Wissam,Halimi,Access to Massive Open Online Labs through a MOOC,2017,WIP,Work in Progress,"Wissam Halimi, Christophe Salzmann, Denis Gillet",https://dl.acm.org/doi/pdf/10.1145/3051457.3054017,2017_Access to Massive Open Online Labs through a MOOC.pdf,10.1145/3051457.3054017,3051457.3054017.pdf
Xiwen,Lu,Experimenting Choices of Video and Text Feedback in Authentic Foreign Language Assignments at Scale,2017,WIP,Work in Progress,"Xiwen Lu, Xiaolu Xiong, Neil T. Heffernan",https://dl.acm.org/doi/pdf/10.1145/3051457.3054018,2017_Experimenting Choices of Video and Text Feedback in Authentic Foreign Language Assignments at Scale.pdf,10.1145/3051457.3054018,3051457.3054018.pdf
Qiao,Zhang,(A)I Will Teach You to Play Gomoku: Exploring the Use of Game AI to Teach People,2022,WIP,Work in Progress,"Qiao Zhang, Christopher J. MacLellan",https://dl.acm.org/doi/pdf/10.1145/3491140.3528331,2022_(A)I Will Teach You to Play Gomoku: Exploring the Use of Game AI to Teach People.pdf,10.1145/3491140.3528331,3491140.3528331.pdf
Shai,Perach,A Blended-Learning Program for Implementing a Rigorous Machine-Learning Curriculum in High-Schools,2022,WIP,Work in Progress,"Shai Perach, Giora Alexandron",https://dl.acm.org/doi/pdf/10.1145/3491140.3528291,2022_A Blended-Learning Program for Implementing a Rigorous Machine-Learning Curriculum in High-Schools.pdf,10.1145/3491140.3528291,3491140.3528291.pdf
Jingting,Li,A Chatbot-Server Framework for Scalable Machine Learning Education through Crowdsourced Data,2022,WIP,Work in Progress,"Jingting Li, Chee-Wei Tan, Ching Nam Hang, Xintong Qi",https://dl.acm.org/doi/pdf/10.1145/3491140.3528300,2022_A Chatbot-Server Framework for Scalable Machine Learning Education through Crowdsourced Data.pdf,10.1145/3491140.3528300,3491140.3528300.pdf
Mohamed,Elhayany,A Study about Future Prospects of JupyterHub in MOOCs,2022,WIP,Work in Progress,"Mohamed Elhayany, Ranjiraj-Rajendran Nair, Thomas Staubitz, Christoph Meinel",https://dl.acm.org/doi/pdf/10.1145/3491140.3529537,2022_A Study about Future Prospects of JupyterHub in MOOCs.pdf,10.1145/3491140.3529537,3491140.3529537.pdf
Eileen,Scanlon,Advancing the Democratization of Research: Citizen Science,2022,WIP,Work in Progress,"Eileen Scanlon, Christothea Herodotou",https://dl.acm.org/doi/pdf/10.1145/3491140.3528308,2022_Advancing the Democratization of Research: Citizen Science.pdf,10.1145/3491140.3528308,3491140.3528308.pdf
Andey,Robins,Amazon Alexa Skills as a Novel Modality for In-service Professional Micro-Development (WIP),2022,WIP,Work in Progress,"Andey Robins, Tiffany Hunt, Dana Robertson, Richard Allen Carter Jr.",https://dl.acm.org/doi/pdf/10.1145/3491140.3528314,2022_Amazon Alexa Skills as a Novel Modality for In-service Professional Micro-Development (WIP).pdf,10.1145/3491140.3528314,3491140.3528314.pdf
Bobbie Lynn,Eicher,An Examination of Unofficial Course Reviews in a Graduate Program at Scale,2022,WIP,Work in Progress,"Bobbie Lynn Eicher, David A. Joyner",https://dl.acm.org/doi/pdf/10.1145/3491140.3528330,2022_An Examination of Unofficial Course Reviews in a Graduate Program at Scale.pdf,10.1145/3491140.3528330,3491140.3528330.pdf
Thomas,Staubitz,"Analysis of the Applicability of General Scaling Laws on Course Size, Completion Rates, and Forum Activity in MOOCs",2022,WIP,Work in Progress,"Thomas Staubitz, Max Bothe, Mohamed Elhayany, Christiane Hagedorn, Sebastian Serth, Theresa Zobel, Christoph Meinel",https://dl.acm.org/doi/pdf/10.1145/3491140.3528310,"2022_Analysis of the Applicability of General Scaling Laws on Course Size, Completion Rates, and Forum Activity in MOOCs.pdf",10.1145/3491140.3528310,3491140.3528310.pdf
Sean,Tsung,BlockLens: Visual Analytics of Student Coding Behaviors in Block-Based Programming Environments,2022,WIP,Work in Progress,"Sean Tsung, Huan Wei, Haotian Li, Yong Wang, Meng Xia, Huamin Qu",https://dl.acm.org/doi/pdf/10.1145/3491140.3528298,2022_BlockLens: Visual Analytics of Student Coding Behaviors in Block-Based Programming Environments.pdf,10.1145/3491140.3528298,3491140.3528298.pdf
Mohit,Chandarana,Challenges of Scaling Programming-based Behavioral Metrics,2022,WIP,Work in Progress,"Mohit Chandarana, Elise Deitrick",https://dl.acm.org/doi/pdf/10.1145/3491140.3528290,2022_Challenges of Scaling Programming-based Behavioral Metrics.pdf,10.1145/3491140.3528290,3491140.3528290.pdf
Hui,Yang,Collaboration at Scale: Exploring Member Role Changing Patterns in Collaborative Science Problem-solving Tasks,2022,WIP,Work in Progress,"Hui Yang, Nonye Alozie, Arif Rachmatullah",https://dl.acm.org/doi/pdf/10.1145/3491140.3528319,2022_Collaboration at Scale: Exploring Member Role Changing Patterns in Collaborative Science Problem-solving Tasks.pdf,10.1145/3491140.3528319,3491140.3528319.pdf
Gavin W.,Porter,Collaborative Annotation: Links to Formative Assessment and Issues of Scale for Pedagogy,2022,WIP,Work in Progress,Gavin W. Porter,https://dl.acm.org/doi/pdf/10.1145/3491140.3528322,2022_Collaborative Annotation: Links to Formative Assessment and Issues of Scale for Pedagogy.pdf,10.1145/3491140.3528322,3491140.3528322.pdf
Sasipa,Boonyubol,Comparing MOOC Learners Engagement with Japanese Videos and Text to Speech Generated English Videos,2022,WIP,Work in Progress,"Sasipa Boonyubol, Shahriar Kabir, Jeffrey Scott Cross",https://dl.acm.org/doi/pdf/10.1145/3491140.3528302,2022_Comparing MOOC Learners Engagement with Japanese Videos and Text to Speech Generated English Videos.pdf,10.1145/3491140.3528302,3491140.3528302.pdf
Chi-Un,Lei,Developing Student's Global Competencies at Scale in an Affordable MOOC K12 Outreach Initiative,2022,WIP,Work in Progress,"Chi-Un Lei, Hong Qiang Wei",https://dl.acm.org/doi/pdf/10.1145/3491140.3528307,2022_Developing Student's Global Competencies at Scale in an Affordable MOOC K12 Outreach Initiative.pdf,10.1145/3491140.3528307,3491140.3528307.pdf
Benny G.,Johnson,Discrimination of Automatically Generated Questions Used as Formative Practice,2022,WIP,Work in Progress,"Benny G. Johnson, Jeffrey S. Dittel, Rachel Van Campenhout, Bill Jerome",https://dl.acm.org/doi/pdf/10.1145/3491140.3528323,2022_Discrimination of Automatically Generated Questions Used as Formative Practice.pdf,10.1145/3491140.3528323,3491140.3528323.pdf
Katy,Jordan,EdTech and Girls Education in Low- and Middle-Income Countries: Which Intervention Types Have the Greatest Impact on Learning Outcomes for Girls?  330-334,2022,WIP,Work in Progress,"Katy Jordan, Christina Myers",https://dl.acm.org/doi/pdf/10.1145/3491140.3528305,2022_EdTech and Girls Education in Low- and Middle-Income Countries: Which Intervention Types Have the Greatest Impact on Learning Outcomes for Girls?  330-334.pdf,10.1145/3491140.3528305,3491140.3528305.pdf
René F.,Kizilcec,Effects of Framing Professional Development as a Career Growth Opportunity on Course Completion,2022,WIP,Work in Progress,"René F. Kizilcec, Jennifer A. Mimno, Andrew J. Karhan",https://dl.acm.org/doi/pdf/10.1145/3491140.3528304,2022_Effects of Framing Professional Development as a Career Growth Opportunity on Course Completion.pdf,10.1145/3491140.3528304,3491140.3528304.pdf
Xiuyu,Chen,Exploring the Relationships between Social and Teaching Presence in Video-based Informal Learning Using Network Analysis,2022,WIP,Work in Progress,"Xiuyu Chen, Shihui Feng",https://dl.acm.org/doi/pdf/10.1145/3491140.3528316,2022_Exploring the Relationships between Social and Teaching Presence in Video-based Informal Learning Using Network Analysis.pdf,10.1145/3491140.3528316,3491140.3528316.pdf
Anindya,Roy,How COVID-19 Affected Computer Science MOOC Learner Behavior and Achievements: A Demographic Study,2022,WIP,Work in Progress,"Anindya Roy, Michael Yee, Meghan Perdue, Julius Stein, Ana Bell, Ronisha Carter, Shigeru Miyagawa",https://dl.acm.org/doi/pdf/10.1145/3491140.3528328,2022_How COVID-19 Affected Computer Science MOOC Learner Behavior and Achievements: A Demographic Study.pdf,10.1145/3491140.3528328,3491140.3528328.pdf
Shu-Yi,Hsu,How Much and for Whom?: A Multi-Wave Study of the Impact of Self-Regulated Learning Scaffolds on MOOC Student Academic Performance,2022,WIP,Work in Progress,"Shu-Yi Hsu, M. Shane Tutwiler",https://dl.acm.org/doi/pdf/10.1145/3491140.3528312,2022_How Much and for Whom?: A Multi-Wave Study of the Impact of Self-Regulated Learning Scaffolds on MOOC Student Academic Performance.pdf,10.1145/3491140.3528312,3491140.3528312.pdf
Michael,Meaney,Adding a Demographic Lens to Cluster Analysis of Participants in Entry-level Massive Open Online Courses (MOOCs),2022,WIP,Work in Progress,"Michael Meaney, Tom Fikes",https://dl.acm.org/doi/pdf/10.1145/3491140.3528306,2022_Adding a Demographic Lens to Cluster Analysis of Participants in Entry-level Massive Open Online Courses (MOOCs).pdf,10.1145/3491140.3528306,3491140.3528306.pdf
Farahnaz,Soleimani,Influential Text-Based Features in Predicting Admission Status of Online Degree Applicants,2022,WIP,Work in Progress,"Farahnaz Soleimani, Jeonghyun Lee, Meryem Yilmaz Soylu, Saurabh Chatterjee",https://dl.acm.org/doi/pdf/10.1145/3491140.3528318,2022_Influential Text-Based Features in Predicting Admission Status of Online Degree Applicants.pdf,10.1145/3491140.3528318,3491140.3528318.pdf
G. R.,Marvez,Integrating Dynamic Supports into an Equity Teaching Simulation to Promote Equity Mindsets,2022,WIP,Work in Progress,"G. R. Marvez, Tianyuan Zheng, Joshua Littenberg-Tobias, Garron Hillaire, Sara O'Brien, Justin Reich",https://dl.acm.org/doi/pdf/10.1145/3491140.3528327,2022_Integrating Dynamic Supports into an Equity Teaching Simulation to Promote Equity Mindsets.pdf,10.1145/3491140.3528327,3491140.3528327.pdf
Naoto,Nishida,Laugh at Your Own Pace: Basic Performance Evaluation of Language Learning Assistance by Adjustment of Video Playback Speeds Based on Laughter Detection,2022,WIP,Work in Progress,"Naoto Nishida, Hinako Nozaki, Buntarou Shizuki",https://dl.acm.org/doi/pdf/10.1145/3491140.3528299,2022_Laugh at Your Own Pace: Basic Performance Evaluation of Language Learning Assistance by Adjustment of Video Playback Speeds Based on Laughter Detection.pdf,10.1145/3491140.3528299,3491140.3528299.pdf
Bo,Yang,Learning Alone Yet Together: Enhancing Between-Learner Social Connectivity at Scale,2022,WIP,Work in Progress,"Bo Yang, Huyang He",https://dl.acm.org/doi/pdf/10.1145/3491140.3528294,2022_Learning Alone Yet Together: Enhancing Between-Learner Social Connectivity at Scale.pdf,10.1145/3491140.3528294,3491140.3528294.pdf
Carinna Nunes,Tulha,LEDA: A Learning Analytics Based Framework to Analyze Remote Labs Interaction,2022,WIP,Work in Progress,"Carinna Nunes Tulha, Marco António Garcia de Carvalho, Leandro Nunes de Castro",https://dl.acm.org/doi/pdf/10.1145/3491140.3528324,2022_LEDA: A Learning Analytics Based Framework to Analyze Remote Labs Interaction.pdf,10.1145/3491140.3528324,3491140.3528324.pdf
Shiva,Shabaninejad,Incorporating Explainable Learning Analytics to Assist Educators with Identifying Students in Need of Attention,2022,WIP,Work in Progress,"Shiva Shabaninejad, Hassan Khosravi, Solmaz Abdi, Marta Indulska, Shazia W. Sadiq",https://dl.acm.org/doi/pdf/10.1145/3491140.3528292,2022_Incorporating Explainable Learning Analytics to Assist Educators with Identifying Students in Need of Attention.pdf,10.1145/3491140.3528292,3491140.3528292.pdf
Michelle P.,Banawan,Math Discourse Linguistic Components (Cohesive Cues within a Math Discussion Board Discourse),2022,WIP,Work in Progress,"Michelle P. Banawan, Jinnie Shin, Renu Balyan, Walter L. Leite, Danielle S. McNamara",https://dl.acm.org/doi/pdf/10.1145/3491140.3528320,2022_Math Discourse Linguistic Components (Cohesive Cues within a Math Discussion Board Discourse).pdf,10.1145/3491140.3528320,3491140.3528320.pdf
Ji Yong,Cho,Measuring Cultural Dimensions of Learning in Online Courses,2022,WIP,Work in Progress,"Ji Yong Cho, Yue Li, Marianne E. Krasny, René F. Kizilcec",https://dl.acm.org/doi/pdf/10.1145/3491140.3528333,2022_Measuring Cultural Dimensions of Learning in Online Courses.pdf,10.1145/3491140.3528333,3491140.3528333.pdf
Robert,Stanyon,Providing Individual Student Feedback at Scale for Mathematical Disciplines,2022,WIP,Work in Progress,"Robert Stanyon, Austin A. Tomlinson, Manjinder Kainth, Nicola K. Wilkin",https://dl.acm.org/doi/pdf/10.1145/3491140.3528313,2022_Providing Individual Student Feedback at Scale for Mathematical Disciplines.pdf,10.1145/3491140.3528313,3491140.3528313.pdf
Mengchen,Su,Re-envisioning a K-12 Early Warning System with School Climate Factors,2022,WIP,Work in Progress,"Mengchen Su, Lukas A. Olson, Daniel C. Jarratt, Sashank Varma, Joseph A. Konstan, Rebecca J. L. Keller, Bodong Chen",https://dl.acm.org/doi/pdf/10.1145/3491140.3528670,2022_Re-envisioning a K-12 Early Warning System with School Climate Factors.pdf,10.1145/3491140.3528670,3491140.3528670.pdf
Chenglu,Li,Revealing Factors Influencing Students' Perceived Fairness: A Case with a Predictive System for Math Learning,2022,WIP,Work in Progress,"Chenglu Li, Wanli Xing",https://dl.acm.org/doi/pdf/10.1145/3491140.3528293,2022_Revealing Factors Influencing Students' Perceived Fairness: A Case with a Predictive System for Math Learning.pdf,10.1145/3491140.3528293,3491140.3528293.pdf
Kendall,Nakai,Scaling Up Access to the Hidden Curriculum: A Design Methodology for Creating Undergraduate Mentoring Guides,2022,WIP,Work in Progress,"Kendall Nakai, Philip J. Guo",https://dl.acm.org/doi/pdf/10.1145/3491140.3528296,2022_Scaling Up Access to the Hidden Curriculum: A Design Methodology for Creating Undergraduate Mentoring Guides.pdf,10.1145/3491140.3528296,3491140.3528296.pdf
Yu-Chun (Grace),Yen,Seeking Exemplars in the Wild: Exploring How Students Find Design Examples to Support Personalized Learning,2022,WIP,Work in Progress,"Yu-Chun (Grace) Yen, Steven P. Dow",https://dl.acm.org/doi/pdf/10.1145/3491140.3528303,2022_Seeking Exemplars in the Wild: Exploring How Students Find Design Examples to Support Personalized Learning.pdf,10.1145/3491140.3528303,3491140.3528303.pdf
Bobbie Lynn,Eicher,Student Use of Course Reviews at Scale,2022,WIP,Work in Progress,"Bobbie Lynn Eicher, David A. Joyner",https://dl.acm.org/doi/pdf/10.1145/3491140.3528332,2022_Student Use of Course Reviews at Scale.pdf,10.1145/3491140.3528332,3491140.3528332.pdf
Rémi,Sharrock,Teaching and Learning Programming with Linux using In-Browser Client-Side Web Technologies: Exploring the Key Features for Achieving Systems and Tools Scalability,2022,WIP,Work in Progress,"Rémi Sharrock, Ewen Collin, Thibaud Labat, Ella Hamonic, Petra Bonfert-Taylor, Michael Goudzwaard",https://dl.acm.org/doi/pdf/10.1145/3491140.3528295,2022_Teaching and Learning Programming with Linux using In-Browser Client-Side Web Technologies: Exploring the Key Features for Achieving Systems and Tools Scalability.pdf,10.1145/3491140.3528295,3491140.3528295.pdf
Michael,Yee,The Relationship Between COVID-19 Severity and Computer Science MOOC Learner Achievement: A Preliminary Analysis,2022,WIP,Work in Progress,"Michael Yee, Anindya Roy, Julius Stein, Meghan Perdue, Ana Bell, Ronisha Carter, Shigeru Miyagawa",https://dl.acm.org/doi/pdf/10.1145/3491140.3528325,2022_The Relationship Between COVID-19 Severity and Computer Science MOOC Learner Achievement: A Preliminary Analysis.pdf,10.1145/3491140.3528325,3491140.3528325.pdf
Pablo,García-Zarza,Towards a Teacher Application to Support Semantic Annotations of Learning Tasks in Cultural Heritage,2022,WIP,Work in Progress,"Pablo García-Zarza, Miguel L. Bote-Lorenzo, Guillermo Vega-Gorgojo, Juan I. Asensio-Pérez",https://dl.acm.org/doi/pdf/10.1145/3491140.3528335,2022_Towards a Teacher Application to Support Semantic Annotations of Learning Tasks in Cultural Heritage.pdf,10.1145/3491140.3528335,3491140.3528335.pdf
Jungwook,Rhim,Understanding the Relationship Between Students' Learning Outcome and Behavioral Patterns using Touch Trajectories,2022,WIP,Work in Progress,"Jungwook Rhim, Gahgene Gweon",https://dl.acm.org/doi/pdf/10.1145/3491140.3528311,2022_Understanding the Relationship Between Students' Learning Outcome and Behavioral Patterns using Touch Trajectories.pdf,10.1145/3491140.3528311,3491140.3528311.pdf
Zachary,Felker,Using a Planning Prompt Survey to Encourage Early Completion of Homework Assignments,2022,WIP,Work in Progress,"Zachary Felker, Zhongzhou Chen",https://dl.acm.org/doi/pdf/10.1145/3491140.3528297,2022_Using a Planning Prompt Survey to Encourage Early Completion of Homework Assignments.pdf,10.1145/3491140.3528297,3491140.3528297.pdf
Yu,Li,Using Chatbots to Teach Languages,2022,WIP,Work in Progress,"Yu Li, Chun-Yen Chen, Dian Yu, Sam Davidson, Ryan Hou, Xun Yuan, Yinghua Tan, Derek Pham, Zhou Yu",https://dl.acm.org/doi/pdf/10.1145/3491140.3528329,2022_Using Chatbots to Teach Languages.pdf,10.1145/3491140.3528329,3491140.3528329.pdf
Kimberly,Williamson,Large-scale Analysis of Discussion Networks in College Courses,2022,WIP,Work in Progress,"Kimberly Williamson, René F. Kizilcec",https://dl.acm.org/doi/pdf/10.1145/3491140.3528321,2022_Large-scale Analysis of Discussion Networks in College Courses.pdf,10.1145/3491140.3528321,3491140.3528321.pdf
Dragos,Corlatescu,Where are the Large N Studies in Education?: Introducing a Dataset of Scientific Articles and NLP Techniques,2022,WIP,Work in Progress,"Dragos Corlatescu, Stefan Ruseti, Irina Toma, Mihai Dascalu",https://dl.acm.org/doi/pdf/10.1145/3491140.3528315,2022_Where are the Large N Studies in Education?: Introducing a Dataset of Scientific Articles and NLP Techniques.pdf,10.1145/3491140.3528315,3491140.3528315.pdf
