,Author 1 First Name,Author 1 Last Name,Author 1 Affiliation,Author 1 Country,Author 2 First Name,Author 2 Last Name,Author 2 Affiliation,Author 2 Country,Author 3 First Name,Author 3 Last Name,Author 3 Affiliation,Author 3 Country,Author 4 First Name,Author 4 Last Name,Author 4 Affiliation,Author 4 Country,Author 5 First Name,Author 5 Last Name,Author 5 Affiliation,Author 5 Country,Author 6 First Name,Author 6 Last Name,Author 6 Affiliation,Author 6 Country,Author 7 First Name,Author 7 Last Name,Author 7 Affiliation,Author 7 Country,Author 8 First Name,Author 8 Last Name,Author 8 Affiliation,Author 8 Country,Author 9 First Name,Author 9 Last Name,Author 9 Affiliation,Author 9 Country,Author 10 First Name,Author 10 Last Name,Author 10 Affiliation,Author 10 Country,Author 11 First Name,Author 11 Last Name,Author 11 Affiliation,Author 11 Country,Author 12 First Name,Author 12 Last Name,Author 12 Affiliation,Author 12 Country,Paper Title,Year,Full Paper or WIP?,Session Name
0,Adam,Stankiewicz,Carnegie Mellon University,United States,Chinmay,Kulkarni,Google LLC,United States,,,,,,,,,,,,,,,,,,,,,,,,,,,,,,,,,,,,,,,,,$1 Conversational Turn Detector: Measuring How Video Conversations Affect Student Learning in Online Classes,2016,Full Paper,Learner Modelling
1,Meen Chul,Kim,The Children's Hospital of Philadelphia,United States,Thomas H.,Park,Codepip,United States,Brian,Lee,Karolinska Institutet,Sweden,Sukrit,Chhabra,Drexel University,United States,Andrea,Forte,Drexel University,United States,,,,,,,,,,,,,,,,,,,,,,,,,,,,,A Constructionist Toolkit for Learning Elementary Web Development at Scale,2016,WIP,Work in Progress
2,Mohammad H.,Falakmasir,University of Pittsburgh,United States,José P.,González-Brenes,"Chegg, Inc.",United States,Geoffrey J.,Gordon,Carnegie Mellon University,United States,Kristen E.,Dicerbo,Arizona State University,United States,,,,,,,,,,,,,,,,,,,,,,,,,,,,,,,,,A Data-Driven Approach for Inferring Student Proficiency from Game Activity Logs,2016,Full Paper,Automated Assessment
3,Thushari,Atapattu,The University of Adelaide,Australia,Katrina,Falkner,The University of Adelaide,Australia,,,,,,,,,,,,,,,,,,,,,,,,,,,,,,,,,,,,,,,,,A Framework for Topic Generation and Labeling from MOOC Discussions,2016,WIP,Work in Progress
4,Anna,Kasunic,Carnegie Mellon University,United States,Jessica,Hammer,Carnegie Mellon University,United States,Robert,Kraut,Carnegie Mellon University,United States,Michael,Massimi,"Facebook, Inc.",United States,Amy,Ogan,Carnegie Mellon University,United States,,,,,,,,,,,,,,,,,,,,,,,,,,,,,"A Preliminary Look at MOOC-associated Facebook Groups: Prevalence, Geographic Representation, and Homophily",2016,WIP,Work in Progress
5,Siddharth,Reddy,Cornell University,United States,Igor,Labutov,Carnegie Mellon University,United States,Siddhartha,Banerjee,Cornell University,United States,,,,,,,,,,,,,,,,,,,,,,,,,,,,,,,,,,,,,A Queueing Network Model for Spaced Repetition,2016,WIP,Work in Progress
6,Nicholas,Lewkow,McGraw-Hill Education,United States,Jacqueline,Feild,McGraw-Hill Education,United States,Neil,Zimmerman,McGraw-Hill Education,United States,Mark,Riedesel,McGraw-Hill Education,United States,Alfred,Essa,Carnegie Mellon University,United States,David,Boulanger,Athabasca University,Canada,Jeremie,Seanosky,Athabasca University,Canada,Vive Kumar,Kinshuk,Athabasca University,Canada,Sandhya,Kode,"International Institute of Information Technology, Hyderabad",India,,,,,,,,,,,,,A Scalable Learning Analytics Platform for Automated Writing Feedback,2016,WIP,Work in Progress
7,Douglas,Selent,Worcester Polytechnic Institute,United States,Thanaporn,Patikorn,Worcester Polytechnic Institute,United States,Neil,Heffernan,Worcester Polytechnic Institute,United States,,,,,,,,,,,,,,,,,,,,,,,,,,,,,,,,,,,,,ASSISTments Dataset from Multiple Randomized Controlled Experiments,2016,WIP,Work in Progress
8,Joseph Jay,Williams,National University of Singapore,Singapore,Juho,Kim,Korea Advanced Institute of Science and Technology,South Korea,Anna,Rafferty,"Carleton College, USA",United States,Samuel,Maldonado,San Jose State University,United States,Krzysztof Z.,Gajos,Harvard John A. Paulson School of Engineering and Applied Sciences,United States,Walter S.,Lasecki,"University of Michigan, Ann Arbor",United States,Neil,Heffernan,Worcester Polytechnic Institute,United States,,,,,,,,,,,,,,,,,,,,,AXIS: Generating Explanations at Scale with Learnersourcing and Machine Learning,2016,Full Paper,Flipped Session - Crowdsourcing the Feedback
9,Chase,Geigle,University of Illinois Urbana-Champaign,United States,Chengxiang,Zhai,University of Illinois Urbana-Champaign,United States,Duncan,Ferguson,University of Illinois Urbana-Champaign,United States,,,,,,,,,,,,,,,,,,,,,,,,,,,,,,,,,,,,,An Exploration of Automated Grading of Complex Assignments,2016,Full Paper,Automated Assessment
10,Tzu Chi,Yang,National Yang Ming Chiao Tung University,Taiwan,Dai Ling,Shih,National Taiwan University,Taiwan,Meng Chang,Chen,"Academia Sinica, Institute of Information Science",Taiwan,,,,,,,,,,,,,,,,,,,,,,,,,,,,,,,,,,,,,An Investigation of the Effects of Online Test Strategy on Students' Learning Behaviors,2016,WIP,Work in Progress
11,Shuchi,Grover,Looking Glass Ventures,,Marie,Bienkowski,Academies of Math and Science,United States,John,Niekrasz,SRI International,United States,Matthias,Hauswirth,Università della Svizzera italiana,Switzerland,,,,,,,,,,,,,,,,,,,,,,,,,,,,,,,,,Assessing Problem-Solving Process At Scale,2016,WIP,Work in Progress
12,Rika,Antonova,Stanford University,United States,Joe,Runde,Carnegie Mellon University,United States,Min Hyung,Lee,Carnegie Mellon University,United States,Emma,Brunskill,Stanford University,United States,,,,,,,,,,,,,,,,,,,,,,,,,,,,,,,,,Automatically Learning to Teach to the Learning Objectives,2016,WIP,Work in Progress
13,Elaine,Farrow,The University of Edinburgh,United Kingdom,Myroslava O.,Dzikovska,The University of Edinburgh,United Kingdom,Johanna D.,Moore,The University of Edinburgh,United Kingdom,,,,,,,,,,,,,,,,,,,,,,,,,,,,,,,,,,,,,Beetle-Grow: An Effective Intelligent Tutoring System for Data Collection,2016,WIP,Work in Progress
14,Denise,Nacu,DePaul University,United States,Caitlin K.,Martin,Independent Scholar,United States,Michael,Schutzenhofer,DePaul University,United States,Nichole,Pinkard,Northwestern University,United States,,,,,,,,,,,,,,,,,,,,,,,,,,,,,,,,,Beyond Traditional Metrics: Using Automated Log Coding to Understand 21st Century Learning Online,2016,WIP,Work in Progress
15,Eleanor,O'Rourke,Northwestern University,United States,Erin,Peach,Code.org,United States,Carol S.,Dweck,Stanford University,United States,Zoran,Popović,University of Washington,United States,,,,,,,,,,,,,,,,,,,,,,,,,,,,,,,,,Brain Points: A Deeper Look at a Growth Mindset Incentive Structure for an Educational Game,2016,Full Paper,Engagement
16,Vincent,Aleven,Carnegie Mellon University,United States,Ryan,Baker,University of Pennsylvania,United States,Yuan,Wang,Arizona State University,United States,Jonathan,Sewall,Carnegie Mellon University,United States,Octav,Popescu,Carnegie Mellon University,United States,,,,,,,,,,,,,,,,,,,,,,,,,,,,,Bringing Non-programmer Authoring of Intelligent Tutors to MOOCs,2016,WIP,Work in Progress
17,Judith,Uchidiuno,Georgia Institute of Technology,United States,Evelyn,Yarzebinski,Carnegie Mellon University,United States,Amy,Ogan,Carnegie Mellon University,United States,Jessica,Hammer,Carnegie Mellon University,United States,Kenneth R.,Koedinger,Carnegie Mellon University,United States,,,,,,,,,,,,,,,,,,,,,,,,,,,,,Browser Language Preferences as a Metric for Identifying ESL Speakers in MOOCs,2016,WIP,Work in Progress
18,Alan,Dix,Swansea University,United Kingdom,,,,,,,,,,,,,,,,,,,,,,,,,,,,,,,,,,,,,,,,,,,,,"Challenge and Potential of Fine Grain, Cross-Institutional Learning Data",2016,WIP,Work in Progress
19,Boris,Roussev,Google LLC,United States,Pavel,Simakov,Google LLC,United States,John,Orr,Toll House,United Kingdom,Amit,Deutsch,Google LLC,United States,John,Cox,Google LLC,United States,Michael,Lenaghan,Google LLC,United States,Mike,Gainer,Google LLC,United States,,,,,,,,,,,,,,,,,,,,,Course Builder Skill Maps,2016,WIP,Work in Progress
20,Steven,Tang,"University of California, Berkeley",United States,Joshua C.,Peterson,Princeton University,United States,Zachary A.,Pardos,"University of California, Berkeley",United States,,,,,,,,,,,,,,,,,,,,,,,,,,,,,,,,,,,,,Deep Neural Networks and How They Apply to Sequential Education Data,2016,WIP,Work in Progress
21,Chaohua,Ou,Georgia Institute of Technology,United States,Ashok K.,Goel,Georgia Institute of Technology,United States,David A.,Joyner,Georgia Institute of Technology,United States,Daniel F.,Haynes,Georgia Institute of Technology,United States,,,,,,,,,,,,,,,,,,,,,,,,,,,,,,,,,Designing Videos with Pedagogical Strategies: Online Students' Perceptions of Their Effectiveness,2016,WIP,Work in Progress
22,Olga,Firssova,Open Universiteit,Netherlands,Francis,Brouns,Open Universiteit,Netherlands,Marco,Kalz,Pädagogische Hochschule Heidelberg,Germany,,,,,,,,,,,,,,,,,,,,,,,,,,,,,,,,,,,,,Designing for Open Learning: Design Principles and Scalability Affordances in Practice,2016,WIP,Work in Progress
23,Geza,Kovacs,"San Francisco Performances, Inc.",United States,,,,,,,,,,,,,,,,,,,,,,,,,,,,,,,,,,,,,,,,,,,,,Effects of In-Video Quizzes on MOOC Lecture Viewing,2016,Full Paper,Engagement
24,Suin,Kim,Korea Advanced Institute of Science and Technology,South Korea,Jungkook,Park,Korea Advanced Institute of Science and Technology,South Korea,Jae Won,Kim,Korea Advanced Institute of Science &amp; Technology,South Korea,Alice,Oh,Korea Advanced Institute of Science and Technology,South Korea,,,,,,,,,,,,,,,,,,,,,,,,,,,,,,,,,Elice: An online CS Education Platform to Understand How Students Learn Programming,2016,WIP,Work in Progress
25,Jan,Renz,Hasso-Plattner-Institut für Softwaresystemtechnik GmbH,Germany,Gerado,Navarro-Suarez,Hasso-Plattner-Institut für Softwaresystemtechnik GmbH,Germany,Rowshan,Sathi,Hasso-Plattner-Institut für Softwaresystemtechnik GmbH,Germany,Thomas,Staubitz,Hasso-Plattner-Institut für Softwaresystemtechnik GmbH,Germany,Christoph,Meinel,Hasso-Plattner-Institut für Softwaresystemtechnik GmbH,Germany,,,,,,,,,,,,,,,,,,,,,,,,,,,,,Enabling Schema Agnostic Learning Analytics in a Service-Oriented MOOC Platform,2016,WIP,Work in Progress
26,Lorenzo,Vigentini,UNSW Sydney,Australia,Catherine,Zhao,The University of Sydney,Australia,,,,,,,,,,,,,,,,,,,,,,,,,,,,,,,,,,,,,,,,,Evaluating the 'Student' Experience in MOOCs,2016,WIP,Work in Progress
27,David,Joyner,Georgia Institute of Technology,United States,,,,,,,,,,,,,,,,,,,,,,,,,,,,,,,,,,,,,,,,,,,,,Expert Evaluation of 300 Projects per Day,2016,WIP,Work in Progress
28,Frans,Van Der Sluis,Københavns Universitet,Denmark,Jasper,Ginn,Leiden University,Netherlands,Tim,Van Der Zee,"Interfacultair Centrum voor Lerarenopleiding, Onderwijsontwikkeling en Nascholing",Netherlands,,,,,,,,,,,,,,,,,,,,,,,,,,,,,,,,,,,,,Explaining Student Behavior at Scale: The Influence of Video Complexity on Student Dwelling Time,2016,Full Paper,Engagement
29,Katherine,Brady,Vanderbilt University,United States,Douglas,Fisher,Vanderbilt University,United States,Gayathri,Narasimham,Vanderbilt University School of Engineering,United States,,,,,,,,,,,,,,,,,,,,,,,,,,,,,,,,,,,,,Exploring the Effects of Lightweight Social Incentives on Learner Performance in MOOCs,2016,WIP,Work in Progress
30,Sumukh,Sridhara,"University of California, Berkeley",United States,Brian,Hou,University of Washington,United States,John,Denero,"University of California, Berkeley",United States,Jeffrey,Lu,"University of California, Berkeley",United States,,,,,,,,,,,,,,,,,,,,,,,,,,,,,,,,,Fuzz Testing Projects in Massive Courses,2016,Full Paper,Automated Assessment
31,David A.,Joyner,Georgia Institute of Technology,United States,Wade,Ashby,Georgia Institute of Technology,United States,Liam,Irish,Georgia Institute of Technology,United States,Yeeling,Lam,Georgia Institute of Technology,United States,Jacob,Langston,Georgia Institute of Technology,United States,Isabel,Lupiani,Georgia Institute of Technology,United States,Mike,Lustig,Georgia Institute of Technology,United States,Paige,Pettoruto,Georgia Institute of Technology,United States,Dana,Sheahen,Georgia Institute of Technology,United States,Angela,Smiley,Georgia Institute of Technology,United States,Amy,Bruckman,Georgia Institute of Technology,United States,Ashok,Goel,Georgia Institute of Technology,United States,Graders as Meta-Reviewers: Simultaneously Scaling and Improving Expert Evaluation for Large Online Classrooms,2016,Full Paper,Flipped Session - Crowdsourcing the Feedback
32,Steve,Ritter,Carnegie Institute,United States,Michael,Yudelson,Carnegie Mellon University,United States,Stephen E.,Fancsali,Carnegie Institute,United States,Susan R.,Berman,"Carnegie Learning, Inc.",United States,,,,,,,,,,,,,,,,,,,,,,,,,,,,,,,,,How Mastery Learning Works at Scale,2016,Full Paper,Learner Modelling
33,Kristin,Stephens-Martinez,Duke University,United States,John,DeNero,"University of California, Berkeley",United States,An,Ju,"University of California, Berkeley",United States,Armando,Fox,"University of California, Berkeley",United States,Colin,Schoen,"University of California, Berkeley",United States,,,,,,,,,,,,,,,,,,,,,,,,,,,,,Identifying Student Misunderstandings using Constructed Responses,2016,WIP,Work in Progress
34,Leo,Leppänen,Helsingin Yliopisto,Finland,Lassi,Vapaakallio,Helsingin Yliopisto,Finland,Arto,Vihavainen,Helsingin Yliopisto,Finland,,,,,,,,,,,,,,,,,,,,,,,,,,,,,,,,,,,,,Illusion of Progress is Moar Addictive than Cat Pictures,2016,WIP,Work in Progress
35,Thomas,Staubitz,Hasso-Plattner-Institut für Softwaresystemtechnik GmbH,Germany,Dominic,Petrick,Hasso-Plattner-Institut für Softwaresystemtechnik GmbH,Germany,Matthias,Bauer,Hasso-Plattner-Institut für Softwaresystemtechnik GmbH,Germany,Jan,Renz,Hasso-Plattner-Institut für Softwaresystemtechnik GmbH,Germany,Christoph,Meinel,Hasso-Plattner-Institut für Softwaresystemtechnik GmbH,Germany,,,,,,,,,,,,,,,,,,,,,,,,,,,,,Improving the Peer Assessment Experience on MOOC Platforms,2016,Full Paper,Flipped Session - Crowdsourcing the Feedback
36,Stephen,Cummins,University of Cambridge,United Kingdom,Alistair,Stead,University of Cambridge,United Kingdom,Lisa,Jardine-Wright,Department of Physics,United Kingdom,Ian,Davies,University of Cambridge,United Kingdom,Alastair R.,Beresford,University of Cambridge,United Kingdom,Andrew,Rice,"GitHub, Inc.",United States,,,,,,,,,,,,,,,,,,,,,,,,,Investigating the Use of Hints in Online Problem Solving,2016,WIP,Work in Progress
37,Xiang,Fu,Hofstra University,United States,Tyler,Befferman,Hofstra University,United States,M.D.,Burghardt,Hofstra University,United States,,,,,,,,,,,,,,,,,,,,,,,,,,,,,,,,,,,,,LINK-REPORT: Outcome Analysis of Informal Learning at Scale,2016,WIP,Work in Progress
38,Siddharth,Reddy,Cornell University,United States,Igor,Labutov,Carnegie Mellon University,United States,Thorsten,Joachims,Cornell University,United States,,,,,,,,,,,,,,,,,,,,,,,,,,,,,,,,,,,,,Learning Student and Content Embeddings for Personalized Lesson Sequence Recommendation,2016,WIP,Work in Progress
39,Guanliang,Chen,Monash University,Australia,Dan,Davis,Delft University of Technology,Netherlands,Claudia,Hauff,Delft University of Technology,Netherlands,Geert-Jan,Houben,Delft University of Technology,Netherlands,,,,,,,,,,,,,,,,,,,,,,,,,,,,,,,,,Learning Transfer: Does It Take Place in MOOCs? An Investigation into the Uptake of Functional Programming in Practice,2016,Full Paper,Flipped Session - Outside the MOOC
40,Aditya,Vishwanath,Stanford University,United States,Arkadeep,Kumar,"University of California, Berkeley",United States,Neha,Kumar,Kongunadu Arts and Science College,India,,,,,,,,,,,,,,,,,,,,,,,,,,,,,,,,,,,,,Learning about Teaching in Low-Resource Indian Contexts,2016,WIP,Work in Progress
41,Rebecca,Ferguson,The Open University,United Kingdom,,,,,,,,,,,,,,,,,,,,,,,,,,,,,,,,,,,,,,,,,,,,,Learning at Scale: Using an Evidence Hub To Make Sense of What We Know,2016,WIP,Work in Progress
42,Taylor,Martin,Utah State University,United States,Sarah,Brasiel,Utah State University,United States,Soojeong,Jeong,Utah State University,United States,Kevin,Close,Spencer Foundation,United States,Kevin,Lawanto,Utah State University,United States,Phil,Janisciewcz,Utah State University,United States,,,,,,,,,,,,,,,,,,,,,,,,,Macro Data for Micro Learning: Developing the FUN! Tool for Automated Assessment of Learning,2016,WIP,Work in Progress
43,Tina,Papathoma,Fachhochschule für Technik und Wirtschaft Berlin,Germany,Angela,Coe,The Open University,United Kingdom,Rebecca,Ferguson,The Open University,United Kingdom,Allison,Littlejohn,UCL Knowledge Lab,United Kingdom,,,,,,,,,,,,,,,,,,,,,,,,,,,,,,,,,Making the Production of Learning at Scale More Open and Flexible,2016,WIP,Work in Progress
44,Karen,Swan,International Adult and Continuing Education Hall of Fame,United States,Scott,Day,University of Illinois Springfield,United States,Leonard,Bogle,University of Illinois Springfield,United States,,,,,,,,,,,,,,,,,,,,,,,,,,,,,,,,,,,,,Metaphors for Learning and MOOC Pedagogies,2016,WIP,Work in Progress
45,Cynthia,Breazeal,Massachusetts Institute of Technology,United States,Robin,Morris,Georgia State University,United States,Stephanie,Gottwald,Tufts University,United States,Tinsley,Galyean,MIT Media Lab,United States,Maryanne,Wolf,Tufts University,United States,,,,,,,,,,,,,,,,,,,,,,,,,,,,,Mobile Devices for Early Literacy Intervention and Research with Global Reach,2016,Full Paper,Global Village
46,Matthew,West,University of Illinois Urbana-Champaign,United States,Craig,Zilles,University of Illinois Urbana-Champaign,United States,,,,,,,,,,,,,,,,,,,,,,,,,,,,,,,,,,,,,,,,,Modeling Student Scheduling Preferences in a Computer-Based Testing Facility,2016,WIP,Work in Progress
47,Silvia Elena,Gallagher,Trinity College Dublin,Ireland,Timothy,Savage,Trinity College Dublin,Ireland,,,,,,,,,,,,,,,,,,,,,,,,,,,,,,,,,,,,,,,,,Observing URL Sharing Behaviour in Massive Online Open Courses,2016,WIP,Work in Progress
48,Ben U.,Gelman,George Mason University,United States,Chris,Beckley,"George Mason University, Fairfax Campus",United States,Aditya,Johri,George Mason University,United States,Carlotta,Domeniconi,George Mason University,United States,Seungwon,Yang,Louisiana State University,United States,,,,,,,,,,,,,,,,,,,,,,,,,,,,,Online Urbanism: Interest-based Subcultures as Drivers of Informal Learning in an Online Community,2016,Full Paper,Global Village
49,Ruth,Cobos,Universidad Autónoma de Madrid,Spain,Silvia,Gil,Universidad Autónoma de Madrid,Spain,Ángel,Lareo,Universidad Autónoma de Madrid,Spain,Francisco A.,Vargas,Universidad Autónoma de Madrid,Spain,,,,,,,,,,,,,,,,,,,,,,,,,,,,,,,,,Open-DLAs: An Open Dashboard for Learning Analytics,2016,WIP,Work in Progress
50,Igor,Labutov,Carnegie Mellon University,United States,Kelvin,Luu,University of Washington,United States,Hod,Lipson,Columbia University,United States,Christoph,Studer,ETH Zürich,Switzerland,,,,,,,,,,,,,,,,,,,,,,,,,,,,,,,,,Optimally Discriminative Choice Sets in Discrete Choice Models: Application to Data-Driven Test Design,2016,WIP,Work in Progress
51,Kim M.,Kelly,Worcester Polytechnic Institute,United States,Neil T.,Heffernan,Worcester Polytechnic Institute,United States,,,,,,,,,,,,,,,,,,,,,,,,,,,,,,,,,,,,,,,,,Optimizing the Amount of Practice in an On-Line Platform,2016,WIP,Work in Progress
52,Kwamena,Appiah-Kubi,University of Lincoln,United Kingdom,Duncan,Rowland,University of Nottingham,United Kingdom,,,,,,,,,,,,,,,,,,,,,,,,,,,,,,,,,,,,,,,,,PEER Support In MOOCs: The Role Of Social Presence,2016,WIP,Work in Progress
53,Mehdi S. M.,Sajjadi,DeepMind Technologies Limited,United Kingdom,Morteza,Alamgir,Universität Hamburg,Germany,Ulrike,Von Luxburg,Eberhard Karls Universität Tübingen,Germany,,,,,,,,,,,,,,,,,,,,,,,,,,,,,,,,,,,,,Peer Grading in a Course on Algorithms and Data Structures: Machine Learning Algorithms do not Improve over Simple Baselines,2016,Full Paper,Automated Assessment
54,Pushkar,Kolhe,Georgia Institute of Technology,United States,Michael L.,Littman,Brown University,United States,Charles L.,Isbell,Georgia Institute of Technology,United States,,,,,,,,,,,,,,,,,,,,,,,,,,,,,,,,,,,,,Peer Reviewing Short Answers using Comparative Judgement,2016,WIP,Work in Progress
55,Devendra Singh,Chaplot,Meta,United States,Eunhee,Rhim,Samsung Electronics Co. Ltd.,South Korea,Jihie,Kim,Samsung Group,South Korea,,,,,,,,,,,,,,,,,,,,,,,,,,,,,,,,,,,,,Personalized Adaptive Learning using Neural Networks,2016,WIP,Work in Progress
56,Elizabeth,McBride,SRI International,United States,Jonathon M.,Vitale,School District of Philadelphia,United States,Hannah,Gogel,"University of California, Berkeley",United States,Mario,Martinez,IPARCOS-UCM (Instituto de Física de Partículas y del Cosmos),Spain,Zachary,Pardos,"University of California, Berkeley",United States,Marcia C.,Linn,"University of California, Berkeley",United States,,,,,,,,,,,,,,,,,,,,,,,,,Predicting Student Learning using Log Data from Interactive Simulations on Climate Change,2016,WIP,Work in Progress
57,Miguel,Sanchez-Santillan,Universidad de Oviedo,Spain,M.,Puerto Paule-Ruiz,Universidad de Oviedo,Spain,Rebeca,Cerezo,Universidad de Oviedo,Spain,J.,Carlos Nuñez,Universidad de Oviedo,Spain,,,,,,,,,,,,,,,,,,,,,,,,,,,,,,,,,Predicting Students' Performance: Incremental Interaction Classifiers,2016,WIP,Work in Progress
58,Mingyu,Feng,WestEd,United States,Jeremy,Roschelle,Digital Promise,United States,,,,,,,,,,,,,,,,,,,,,,,,,,,,,,,,,,,,,,,,,Predicting Students' Standardized Test Scores Using Online Homework,2016,WIP,Work in Progress
59,Vitomir,Kovanović,University of South Australia,Australia,James,Owers,The University of Edinburgh,United Kingdom,Srećko,Joksimović,University of South Australia,Australia,Anne-Marie,Scott,Athabasca University,Canada,Dragan,Gašević,Monash University,Australia,Amy,Woodgate,The University of Edinburgh,United Kingdom,,,,,,,,,,,,,,,,,,,,,,,,,Profiling MOOC Course Returners: How Does Student Behavior Change Between Two Course Enrollments?  269-272,2016,WIP,Work in Progress
60,Jiye,Baek,Korea University Business School,South Korea,Jesse,Shore,Questrom School of Business,United States,,,,,,,,,,,,,,,,,,,,,,,,,,,,,,,,,,,,,,,,,Promoting Student Engagement in MOOCs,2016,WIP,Work in Progress
61,René F.,Kizilcec,Cornell Information Science,United States,Mar,Pérez-Sanagustín,Université Fédérale Toulouse Midi-Pyrénées,France,Jorge J.,Maldonado,University of Cuenca,Ecuador,,,,,,,,,,,,,,,,,,,,,,,,,,,,,,,,,,,,,Recommending Self-Regulated Learning Strategies Does Not Improve Performance in a MOOC,2016,WIP,Work in Progress
62,Chase,Geigle,University of Illinois Urbana-Champaign,United States,Chengxiang,Zhai,University of Illinois Urbana-Champaign,United States,,,,,,,,,,,,,,,,,,,,,,,,,,,,,,,,,,,,,,,,,Scaling up Online Question Answering via Similar Question Retrieval,2016,WIP,Work in Progress
63,Zhuo,Wang,Peking University,China,Jile,Zhu,Peking University,China,Xiang,Li,Peking University,China,Zhiting,Hu,"University of California, San Diego",United States,Ming,Zhang,Peking University,China,,,,,,,,,,,,,,,,,,,,,,,,,,,,,Structured Knowledge Tracing Models for Student Assessment on Coursera,2016,WIP,Work in Progress
64,Tricia J.,Ngoon,Carnegie Mellon University,United States,Scott,Klemmer,"University of California, San Diego",United States,Alexander,Gamero-Garrido,Northeastern University,United States,,,,,,,,,,,,,,,,,,,,,,,,,,,,,,,,,,,,,Supporting Peer Instruction with Evidence-Based Online Instructional Templates,2016,WIP,Work in Progress
65,Stephen,Cummins,University of Cambridge,United Kingdom,Alastair R.,Beresford,University of Cambridge,United Kingdom,Ian,Davies,University of Cambridge,United Kingdom,Andrew,Rice,"GitHub, Inc.",United States,,,,,,,,,,,,,,,,,,,,,,,,,,,,,,,,,Supporting Scalable Data Sharing in Online Education,2016,WIP,Work in Progress
66,Dana,Sheahen,Georgia Institute of Technology,United States,David,Joyner,Georgia Institute of Technology,United States,,,,,,,,,,,,,,,,,,,,,,,,,,,,,,,,,,,,,,,,,TAPS: A MOSS Extension for Detecting Software Plagiarism at Scale,2016,WIP,Work in Progress
67,Justin,Reich,Massachusetts Institute of Technology,United States,Brandon,Stewart,Princeton University,United States,Kimia,Mavon,Harvard University,United States,Dustin,Tingley,Harvard University,United States,,,,,,,,,,,,,,,,,,,,,,,,,,,,,,,,,The Civic Mission of MOOCs: Measuring Engagement across Political Differences in Forums,2016,Full Paper,Global Village
68,Jennifer S.,Kay,Rowan University,United States,Tyler J.,Nolan,Rowan University,United States,Thomas M.,Grello,Raytheon,United States,,,,,,,,,,,,,,,,,,,,,,,,,,,,,,,,,,,,,The Distributed Esteemed Endorser Review: A Novel Approach to Participant Assessment in MOOCs,2016,WIP,Work in Progress
69,Yan,Wang,Worcester Polytechnic Institute,United States,Korinn,Ostrow,Edmentum,United States,Seth,Adjei,Worcester Polytechnic Institute,United States,Neil,Heffernan,Worcester Polytechnic Institute,United States,,,,,,,,,,,,,,,,,,,,,,,,,,,,,,,,,The Opportunity Count Model: A Flexible Approach to Modeling Student Performance,2016,WIP,Work in Progress
70,Saijing,Zheng,Pennsylvania State University,United States,Kyungsik,Han,Ajou University,South Korea,Mary Beth,Rosson,Pennsylvania State University,United States,John M.,Carroll,Pennsylvania State University,United States,,,,,,,,,,,,,,,,,,,,,,,,,,,,,,,,,The Role of Social Media in MOOCs: How to Use Social Media to Enhance Student Retention,2016,Full Paper,Flipped Session - Outside the MOOC
71,David,Joyner,Georgia Institute of Technology,United States,Ashok K.,Goel,Georgia Institute of Technology,United States,Charles,Isbell,Georgia Institute of Technology,United States,,,,,,,,,,,,,,,,,,,,,,,,,,,,,,,,,,,,,The Unexpected Pedagogical Benefits of Making Higher Education Accessible,2016,WIP,Work in Progress
72,Aneesha,Bakharia,The University of Queensland,Australia,,,,,,,,,,,,,,,,,,,,,,,,,,,,,,,,,,,,,,,,,,,,,Towards Cross-domain MOOC Forum Post Classification,2016,WIP,Work in Progress
73,Judith,Uchidiuno,Georgia Institute of Technology,United States,Amy,Ogan,Carnegie Mellon University,United States,Evelyn,Yarzebinski,Carnegie Mellon University,United States,Jessica,Hammer,Carnegie Mellon University,United States,,,,,,,,,,,,,,,,,,,,,,,,,,,,,,,,,Understanding ESL Students' Motivations to Increase MOOC Accessibility,2016,WIP,Work in Progress
74,Cristóbal,Romero,Universidad de Córdoba,Spain,Rebeca,Cerezo,Universidad de Oviedo,Spain,Jose Antonio,Espino,Universidad de Cordoba,Spain,Manuel,Bermudez,Universidad de Cordoba,Spain,,,,,,,,,,,,,,,,,,,,,,,,,,,,,,,,,Using Android Wear for Avoiding Procrastination Behaviours in MOOCs,2016,WIP,Work in Progress
75,Jose A.,Ruiperez-Valiente,Massachusetts Institute of Technology,United States,Giora,Alexandron,Weizmann Institute of Science Israel,Israel,Zhongzhou,Chen,University of Central Florida,United States,David E.,Pritchard,Massachusetts Institute of Technology,United States,,,,,,,,,,,,,,,,,,,,,,,,,,,,,,,,,Using Multiple Accounts for Harvesting Solutions in MOOCs,2016,Full Paper,Learner Modelling
76,Jennifer,DeBoer,Purdue University,United States,Lori,Breslow,Massachusetts Institute of Technology,United States,,,,,,,,,,,,,,,,,,,,,,,,,,,,,,,,,,,,,,,,,Work in Progress: Student Behaviors Using Feedback in a Blended Physics Undergraduate Classroom,2016,WIP,Work in Progress
77,Jacob,Whitehill,Worcester Polytechnic Institute,United States,Margo,Seltzer,The University of British Columbia,Canada,,,,,,,,,,,,,,,,,,,,,,,,,,,,,,,,,,,,,,,,,A Crowdsourcing Approach to Collecting Tutorial Videos - Toward Personalized Learning-at-Scale,2017,WIP,Work in Progress
78,Jill-Jênn,Vie,INRIA Saclay,France,Fabrice,Popineau,CentraleSupélec,France,Françoise,Tort,École Normale Supérieure Paris-Saclay,France,Benjamin,Marteau,Numerical Algorithms Group,United Kingdom,Nathalie,Denos,Laboratoire d'Informatique de Grenoble,France,,,,,,,,,,,,,,,,,,,,,,,,,,,,,A Heuristic Method for Large-Scale Cognitive-Diagnostic Computerized Adaptive Testing,2017,WIP,Work in Progress
79,Siyuan,Zhao,Worcester Polytechnic Institute,United States,Yaqiong,Zhang,Worcester Polytechnic Institute,United States,Xiaolu,Xiong,Worcester Polytechnic Institute,United States,Anthony,Botelho,University of Florida,United States,Neil,Heffernan,Worcester Polytechnic Institute,United States,,,,,,,,,,,,,,,,,,,,,,,,,,,,,A Memory-Augmented Neural Model for Automated Grading,2017,WIP,Work in Progress
80,Jeff,Offutt,George Mason University,United States,Paul,Ammann,George Mason University,United States,Kinga,Dobolyi,"George Mason University, Fairfax Campus",United States,Chris,Kauffmann,"George Mason University, Fairfax Campus",United States,Jaime,Lester,George Mason University,United States,Upsorn,Praphamontripong,University of Virginia,United States,Huzefa,Rangwala,"Amazon.com, Inc.",United States,Sanjeev,Setia,George Mason University,United States,Pearl,Wang,"George Mason University, Fairfax Campus",United States,Liz,White,"George Mason University, Fairfax Campus",United States,,,,,,,,,A Novel Self-Paced Model for Teaching Programming,2017,WIP,Work in Progress
81,Assma,Boughoula,University of Illiois Urbana-Champaign,United States,Chase,Geigle,University of Illinois Urbana-Champaign,United States,Cheng Xiang,Zhai,University of Illinois Urbana-Champaign,United States,,,,,,,,,,,,,,,,,,,,,,,,,,,,,,,,,,,,,A Probabilistic Approach for Discovering Difficult Course Topics Using Clickstream Data,2017,WIP,Work in Progress
82,Josh,Gardner,University of Washington,United States,Christopher,Brooks,"University of Michigan, Ann Arbor",United States,,,,,,,,,,,,,,,,,,,,,,,,,,,,,,,,,,,,,,,,,A Statistical Framework for Predictive Model Evaluation in MOOCs,2017,WIP,Work in Progress
83,Lauren,Fratamico,"Twitter, Inc.",United States,Sarah,Perez,Iowa State University,United States,Ido,Roll,Technion - Israel Institute of Technology,Israel,,,,,,,,,,,,,,,,,,,,,,,,,,,,,,,,,,,,,A Visual Approach towards Knowledge Engineering and Understanding How Students Learn in Complex Environments,2017,Full Paper,Engineering Learning Environments
84,Wissam,Halimi,Ecole Polytechnique Fédérale de Lausanne,Switzerland,Christophe,Salzmann,Ecole Polytechnique Fédérale de Lausanne,Switzerland,Denis,Gillet,Ecole Polytechnique Fédérale de Lausanne,Switzerland,,,,,,,,,,,,,,,,,,,,,,,,,,,,,,,,,,,,,Access to Massive Open Online Labs through a MOOC,2017,WIP,Work in Progress
85,Vijaya,Dommeti,Malineni Perumallu Educational society's group of institutions,India,Douglas,Selent,Worcester Polytechnic Institute,United States,,,,,,,,,,,,,,,,,,,,,,,,,,,,,,,,,,,,,,,,,Applying and Exploring Bayesian Hypothesis Testing for Large Scale Experimentation in Online Tutoring Systems,2017,WIP,Work in Progress
86,Zahid,Hossain,American International University - Bangladesh,Bangladesh,Engin,Bumbacher,Haute École pédagogique du canton de Vaud,Switzerland,Paulo,Blikstein,Columbia University,United States,Ingmar,Riedel-Kruse,The University of Arizona,United States,,,,,,,,,,,,,,,,,,,,,,,,,,,,,,,,,Authentic Science Inquiry Learning at Scale Enabled by an Interactive Biology Cloud Experimentation Lab,2017,WIP,Work in Progress
87,Alireza,Farasat,"University at Buffalo, State University of New York",United States,Alexander,Nikolaev,"University at Buffalo, The State University of New York",United States,Suzanne,Miller,"University at Buffalo, The State University of New York",United States,Rahul,Gopalsamy,"University at Buffalo, The State University of New York",United States,,,,,,,,,,,,,,,,,,,,,,,,,,,,,,,,,CROWDLEARNING: Towards Collaborative Problem-Posing at Scale,2017,WIP,Work in Progress
88,Judith,Uchidiuno,Georgia Institute of Technology,United States,Jessica,Hammer,Carnegie Mellon University,United States,Evelyn,Yarzebinski,Carnegie Mellon University,United States,Kenneth R.,Koedinger,Carnegie Mellon University,United States,Amy,Ogan,Carnegie Mellon University,United States,,,,,,,,,,,,,,,,,,,,,,,,,,,,,Characterizing ELL Students' Behavior During MOOC Videos Using Content Type,2017,WIP,Work in Progress
89,Thomas,Staubitz,Hasso-Plattner-Institut für Softwaresystemtechnik GmbH,Germany,Christoph,Meinel,Hasso-Plattner-Institut für Softwaresystemtechnik GmbH,Germany,,,,,,,,,,,,,,,,,,,,,,,,,,,,,,,,,,,,,,,,,Collaboration and Teamwork on a MOOC Platform: A Toolset,2017,WIP,Work in Progress
90,Curtis G.,Northcutt,Massachusetts Institute of Technology,United States,Kimberly A.,Leon,Massachusetts Institute of Technology,United States,Naichun,Chen,Massachusetts Institute of Technology,United States,,,,,,,,,,,,,,,,,,,,,,,,,,,,,,,,,,,,,Comment Ranking Diversification in Forum Discussions,2017,WIP,Work in Progress
91,David A.,Joyner,Georgia Institute of Technology,United States,,,,,,,,,,,,,,,,,,,,,,,,,,,,,,,,,,,,,,,,,,,,,"Congruency, Adaptivity, Modularity, and Personalization: Four Experiments in Teaching Introduction to Computing",2017,WIP,Work in Progress
92,,,,,,,,,,,,,,,,,,,,,,,,,,,,,,,,,,,,,,,,,,,,,,,,,Creative Learning @ Scale,2017,Full Paper,Plenary Panel
93,Sera,Thornton,Massachusetts Institute of Technology,United States,Ceri,Riley,Massachusetts Institute of Technology,United States,Mary Ellen,Wiltrout,Massachusetts Institute of Technology,United States,,,,,,,,,,,,,,,,,,,,,,,,,,,,,,,,,,,,,Criteria for Video Engagement in a Biology MOOC,2017,WIP,Work in Progress
94,Joshua,Michalenko,"Sandia National Laboratories, New Mexico",United States,Andrew S.,Lan,University of Massachusetts Amherst,United States,Richard G.,Baraniuk,Rice University,United States,,,,,,,,,,,,,,,,,,,,,,,,,,,,,,,,,,,,,D,2017,WIP,Work in Progress
95,Ke,Wang,Visa Inc.,United States,Benjamin,Lin,Microsoft Corporation,United States,Bjorn,Rettig,Microsoft Corporation,United States,Paul,Pardi,Microsoft Corporation,United States,Rishabh,Singh,Google LLC,United States,,,,,,,,,,,,,,,,,,,,,,,,,,,,,Data-Driven Feedback Generator for Online Programing Courses,2017,WIP,Work in Progress
96,Lisa,Wang,Stanford University,United States,Angela,Sy,Stanford University,United States,Larry,Liu,Stanford University,United States,Chris,Piech,Stanford University,United States,,,,,,,,,,,,,,,,,,,,,,,,,,,,,,,,,Deep Knowledge Tracing On Programming Exercises,2017,WIP,Work in Progress
97,Yigal,Rosen,BrainPOP,United States,Ilia,Rushkin,BrainPOP,United States,Andrew,Ang,Harvard University,United States,Colin,Federicks,Harvard University,United States,Dustin,Tingley,Harvard University,United States,Mary Jean,Blink,"TutorGen, Inc.",United States,,,,,,,,,,,,,,,,,,,,,,,,,Designing Adaptive Assessments in MOOCs,2017,WIP,Work in Progress
98,Steven,Dang,Lexia Learning,United States,Michael,Yudelson,Carnegie Mellon University,United States,Kenneth R.,Koedinger,Carnegie Mellon University,United States,,,,,,,,,,,,,,,,,,,,,,,,,,,,,,,,,,,,,Detecting Diligence with Online Behaviors on Intelligent Tutoring Systems,2017,Full Paper,Predicting and Explaining Learning
99,Binglin,Chen,University of Illinois Urbana-Champaign,United States,Matthew,West,University of Illinois Urbana-Champaign,United States,Craig,Zilles,University of Illinois Urbana-Champaign,United States,,,,,,,,,,,,,,,,,,,,,,,,,,,,,,,,,,,,,Do Performance Trends Suggest Wide-spread Collaborative Cheating on Asynchronous Exams?  111-120,2017,Full Paper,Integrity of Courses and Learners
100,Zachary A.,Pardos,"University of California, Berkeley",United States,Steven,Tang,"University of California, Berkeley",United States,Daniel,Davis,Delft University of Technology,Netherlands,Christopher,Vu Le,"University of California, Berkeley",United States,,,,,,,,,,,,,,,,,,,,,,,,,,,,,,,,,Enabling Real-Time Adaptivity in MOOCs with a Personalized Next-Step Recommendation Framework,2017,Full Paper,Engineering Learning Environments
101,Robert A.,Sottilare,Inc,United States,Rodney A.,Long,University of Pennsylvania,United States,Benjamin S.,Goldberg,US Army DEVCOM Soldier Center,United States,,,,,,,,,,,,,,,,,,,,,,,,,,,,,,,,,,,,,Enhancing the Experience Application Program Interface (xAPI) to Improve Domain Competency Modeling for Adaptive Instruction,2017,WIP,Work in Progress
102,Petr,Johanes,Stanford University,United States,,,,,,,,,,,,,,,,,,,,,,,,,,,,,,,,,,,,,,,,,,,,,Epistemic Cognition: A Promising and Necessary Construct for Enriching Large-scale Online Learning Analysis,2017,Full Paper,Predicting and Explaining Learning
103,Xiwen,Lu,Brandeis University,United States,Xiaolu,Xiong,Worcester Polytechnic Institute,United States,Neil T.,Heffernan,Worcester Polytechnic Institute,United States,,,,,,,,,,,,,,,,,,,,,,,,,,,,,,,,,,,,,Experimenting Choices of Video and Text Feedback in Authentic Foreign Language Assignments at Scale,2017,WIP,Work in Progress
104,Sunbok,Lee,Ewha Womans University,South Korea,Alex,Kimn,Massachusetts Institute of Technology,United States,Zhengzhou,Chen,University of Central Florida,United States,Andrew,Paul,University of Wisconsin Platteville,United States,David,Pritchard,Massachusetts Institute of Technology,United States,,,,,,,,,,,,,,,,,,,,,,,,,,,,,Factor Analysis Reveals Student Thinking using the Mechanics Reasoning Inventory,2017,WIP,Work in Progress
105,Nickolas,Falkner,The University of Adelaide,Australia,Claudia,Szabo,The University of Adelaide,Australia,Katrina,Falkner,The University of Adelaide,Australia,,,,,,,,,,,,,,,,,,,,,,,,,,,,,,,,,,,,,Formal Forum Triage: Towards the Strategic Selection of Responses to Student Discussion Forums,2017,WIP,Work in Progress
106,Jill,Burstein,Duolingo,United States,Nitin,Madnani,Educational Testing Service,United States,John,Sabatini,University of Memphis,United States,Dan,McCaffrey,Educational Testing Service,United States,Kietha,Biggers,Educational Testing Service,United States,Kelsey,Dreier,Educational Testing Service,United States,,,,,,,,,,,,,,,,,,,,,,,,,Generating Language Activities in Real-Time for English Learners using Language Muse,2017,WIP,Work in Progress
107,Selen,Türkay,Queensland University of Technology,Australia,Daniel,Seaton,Massachusetts Institute of Technology,United States,Hadas,Eidelman,Harvard University,United States,Glenn,Lopez,Harvard University,United States,Yigal,Rosen,BrainPOP,United States,Jacob,Whitehill,Worcester Polytechnic Institute,United States,,,,,,,,,,,,,,,,,,,,,,,,,"Getting to Know English Language Learners in MOOCs: Their Motivations, Behaviors, and Outcomes",2017,WIP,Work in Progress
108,Glenn,Lopez,Harvard University,United States,Daniel T.,Seaton,Massachusetts Institute of Technology,United States,Andrew,Ang,Harvard University,United States,Dustin,Tingley,Harvard University,United States,Isaac,Chuang,Massachusetts Institute of Technology,United States,,,,,,,,,,,,,,,,,,,,,,,,,,,,,Google BigQuery for Education: Framework for Parsing and Analyzing edX MOOC Data,2017,WIP,Work in Progress
109,Arjun,Singh,Gradescope Inc.,United States,Sergey,Karayev,Turnitin,United States,Kevin,Gutowski,Gradescope Inc.,United States,Pieter,Abbeel,"University of California, Berkeley",United States,,,,,,,,,,,,,,,,,,,,,,,,,,,,,,,,,"Gradescope: A Fast, Flexible, and Fair System for Scalable Assessment of Handwritten Work",2017,Full Paper,Feedback for Improving Learning
110,Yi,Cui,New York University,United States,Wan Qi,Jin,Simon Fraser University,Canada,Alyssa Friend,Wise,NYU Steinhardt,United States,,,,,,,,,,,,,,,,,,,,,,,,,,,,,,,,,,,,,Humans and Machines Together: Improving Characterization of Large Scale Online Discussions through Dynamic Interrelated Post and Thread Categorization (DIPTiC),2017,WIP,Work in Progress
111,Dilrukshi,Gamage,Tokyo Institute of Technology,Japan,Mark E.,Whiting,School of Engineering and Applied Science,United States,Thejan,Rajapakshe,University of Southern Queensland,Australia,Haritha,Thilakarathne,Stanford University,United States,Indika,Perera,University of Moratuwa,Sri Lanka,Shantha,Fernando,University of Moratuwa,Sri Lanka,,,,,,,,,,,,,,,,,,,,,,,,,Improving Assessment on MOOCs Through Peer Identification and Aligned Incentives,2017,WIP,Work in Progress
112,Qian,Zhao,Bloomberg L.P.,United States,Sashank,Varma,Georgia Institute of Technology,United States,Joseph A.,Konstan,University of Minnesota Twin Cities,United States,,,,,,,,,,,,,,,,,,,,,,,,,,,,,,,,,,,,,In-Video Reuse of Discussion Threads in MOOCs,2017,WIP,Work in Progress
113,Liang,Zhang,Worcester Polytechnic Institute,United States,Xiaolu,Xiong,Worcester Polytechnic Institute,United States,Siyuan,Zhao,Worcester Polytechnic Institute,United States,Anthony,Botelho,University of Florida,United States,Neil T.,Heffernan,Worcester Polytechnic Institute,United States,,,,,,,,,,,,,,,,,,,,,,,,,,,,,Incorporating Rich Features into Deep Knowledge Tracing,2017,WIP,Work in Progress
114,Monika,Gupta,IBM Research,United States,Neelamadhav,Gantayat,IBM Research,United States,Renuka,Sindhgatta,IBM Research,United States,,,,,,,,,,,,,,,,,,,,,,,,,,,,,,,,,,,,,Intelligent Math Tutor: Problem-Based Approach to Create Cognizance,2017,WIP,Work in Progress
115,Frans,Van Der Sluis,Københavns Universitet,Denmark,Tim,Van Der Zee,"Interfacultair Centrum voor Lerarenopleiding, Onderwijsontwikkeling en Nascholing",Netherlands,Jasper,Ginn,Leiden University,Netherlands,,,,,,,,,,,,,,,,,,,,,,,,,,,,,,,,,,,,,Learning about Learning at Scale: Methodological Challenges and Recommendations,2017,Full Paper,Experimentation
116,Sayamindu,Dasgupta,University of Washington,United States,Benjamin Mako,Hill,University of Washington,United States,,,,,,,,,,,,,,,,,,,,,,,,,,,,,,,,,,,,,,,,,Learning to Code in Localized Programming Languages,2017,Full Paper,Learn to Code
117,Yasmine,Kotturi,Carnegie Mellon University,United States,Andrew,Du,"University of California, San Diego",United States,Scott,Klemmer,"University of California, San Diego",United States,Chinmay,Kulkarni,Google LLC,United States,,,,,,,,,,,,,,,,,,,,,,,,,,,,,,,,,Long-Term Peer Reviewing Effort is Anti-Reciprocal,2017,WIP,Work in Progress
118,Jacob,Whitehill,Worcester Polytechnic Institute,United States,Kiran,Mohan,Worcester Polytechnic Institute,United States,Daniel,Seaton,Massachusetts Institute of Technology,United States,Yigal,Rosen,BrainPOP,United States,Dustin,Tingley,Harvard University,United States,,,,,,,,,,,,,,,,,,,,,,,,,,,,,MOOC Dropout Prediction: How to Measure Accuracy?  161-164,2017,WIP,Work in Progress
119,Joseph,Jaywilliams,Harvard University,United States,Anna N.,Rafferty,"Carleton College, USA",United States,Samuel,Maldonado,San Jose State University,United States,Andrew,Ang,Harvard University,United States,Dustin,Tingley,Harvard University,United States,Juho,Kim,Korea Advanced Institute of Science and Technology,South Korea,,,,,,,,,,,,,,,,,,,,,,,,,MOOClets: A Framework for Dynamic Experimentation and Personalization,2017,WIP,Work in Progress
120,Rajan,Vaish,Snap Inc.,United States,Sharad,Goel,John F. Kennedy School of Government,United States,Amin,Saberi,Stanford University,United States,,,,,,,,,,,,,,,,,,,,,,,,,,,,,,,,,,,,,Mobilizing the Crowd to Create an Open Repository of Research Talks,2017,WIP,Work in Progress
121,Chase,Geigle,University of Illinois Urbana-Champaign,United States,ChengXiang,Zhai,University of Illinois Urbana-Champaign,United States,,,,,,,,,,,,,,,,,,,,,,,,,,,,,,,,,,,,,,,,,Modeling MOOC Student Behavior With Two-Layer Hidden Markov Models,2017,WIP,Work in Progress
122,Biao,Yin,Worcester Polytechnic Institute,United States,Thanaporn,Patikorn,Worcester Polytechnic Institute,United States,Anthony F.,Botelho,University of Florida,United States,Neil T.,Heffernan,Worcester Polytechnic Institute,United States,,,,,,,,,,,,,,,,,,,,,,,,,,,,,,,,,Observing Personalizations in Learning: Identifying Heterogeneous Treatment Effects Using Causal Trees,2017,WIP,Work in Progress
123,Hao,Wan,Worcester Polytechnic Institute,United States,Joseph E.,Beck,Worcester Polytechnic Institute,United States,,,,,,,,,,,,,,,,,,,,,,,,,,,,,,,,,,,,,,,,,One Decision Tree is Enough to Make Customization,2017,WIP,Work in Progress
124,Stian,Håklev,Minerva Project,United States,Louis,Faucon,Ecole Polytechnique Fédérale de Lausanne,Switzerland,Thanasis,Hadzilacos,Open University of Cyprus,Cyprus,Pierre,Dillenbourg,Ecole Polytechnique Fédérale de Lausanne,Switzerland,,,,,,,,,,,,,,,,,,,,,,,,,,,,,,,,,Orchestration Graphs: Enabling Rich Social Pedagogical Scenarios in MOOCs,2017,WIP,Work in Progress
125,Stacey L.,Houstonii,George Mason University,United States,Katherine,Brady,Vanderbilt University,United States,Gayathri,Narasimham,Vanderbilt University School of Engineering,United States,Douglas,Fisher,Vanderbilt University,United States,,,,,,,,,,,,,,,,,,,,,,,,,,,,,,,,,"Pass the Idea Please: The Relationship between Network Position, Direct Engagement, and Course Performance in MOOCs",2017,WIP,Work in Progress
126,Juho,Leinonen,The University of Auckland,New Zealand,Petri,Ihantola,Helsingin Yliopisto,Finland,Arto,Hellas,Aalto University,Finland,,,,,,,,,,,,,,,,,,,,,,,,,,,,,,,,,,,,,Preventing Keystroke Based Identification in Open Data Sets,2017,Full Paper,Integrity of Courses and Learners
127,Hao Fei,Cheng,Carnegie Mellon University,United States,Bowen,Yu,University of Minnesota Twin Cities,United States,Yeong Hoon,Park,University of Minnesota Twin Cities,United States,Haiyi,Zhu,Carnegie Mellon University,United States,,,,,,,,,,,,,,,,,,,,,,,,,,,,,,,,,ProjectLens: Supporting Project-based Collaborative Learning on MOOCs,2017,WIP,Work in Progress
128,Shayan,Doroudi,"University of California, Irvine",United States,Vincent,Aleven,Carnegie Mellon University,United States,Emma,Brunskill,Stanford University,United States,,,,,,,,,,,,,,,,,,,,,,,,,,,,,,,,,,,,,Robust Evaluation Matrix: Towards a More Principled Offline Exploration of Instructional Policies,2017,Full Paper,Engineering Learning Environments
129,David A.,Joyner,Georgia Institute of Technology,United States,,,,,,,,,,,,,,,,,,,,,,,,,,,,,,,,,,,,,,,,,,,,,Scaling Expert Feedback: Two Case Studies,2017,Full Paper,Feedback for Improving Learning
130,Lilach,Gal,Tel Aviv University,Israel,Arnon,Hershkovitz,"Tel Aviv University, School of Education",Israel,Andoni Eguíluz,Morán,Universidad de Deusto,Spain,Mariluz,Guenaga,Universidad de Deusto,Spain,Pablo,Garaizar,Universidad de Deusto,Spain,,,,,,,,,,,,,,,,,,,,,,,,,,,,,Suggesting a Log-Based Creativity Measurement for Online Programming Learning Environment,2017,WIP,Work in Progress
131,Ralf,Teusner,Universität Potsdam,Germany,Kai-Adrian,Rollmann,Hasso-Plattner-Institut für Softwaresystemtechnik GmbH,Germany,Jan,Renz,Hasso-Plattner-Institut für Softwaresystemtechnik GmbH,Germany,,,,,,,,,,,,,,,,,,,,,,,,,,,,,,,,,,,,,Taking Informed Action on Student Activity in MOOCs,2017,WIP,Work in Progress
132,Eliane S.,Wiese,The University of Utah,United States,Michael,Yen,Turnitin,United States,Antares,Chen,The University of Chicago,United States,Lucas A.,Santos,Universidade Federal de Sao Carlos,Brazil,Armando,Fox,"University of California, Berkeley",United States,,,,,,,,,,,,,,,,,,,,,,,,,,,,,Teaching Students to Recognize and Implement Good Coding Style,2017,Full Paper,Learn to Code
133,An,Ju,"University of California, Berkeley",United States,Elena,Glassman,Harvard University,United States,Armando,Fox,"University of California, Berkeley",United States,,,,,,,,,,,,,,,,,,,,,,,,,,,,,,,,,,,,,"Teamscope: Scalable Team Evaluation via Automated Metric Mining for Communication, Organization, Execution, and Evolution",2017,WIP,Work in Progress
134,Nia M.M.,Dowell,"University of California, Irvine",United States,Christopher,Brooks,"University of Michigan, Ann Arbor",United States,Vitomir,Kovanovic,University of South Australia,Australia,Srećko,Joksimovic,University of South Australia,Australia,Dragan,Gaševic,Monash University,Australia,,,,,,,,,,,,,,,,,,,,,,,,,,,,,The Changing Patterns of MOOC Discourse,2017,WIP,Work in Progress
135,René F.,Kizilcec,Cornell Information Science,United States,Glenn M.,Davis,Tsinghua University,China,Geoffrey L.,Cohen,Stanford Graduate School of Education,United States,,,,,,,,,,,,,,,,,,,,,,,,,,,,,,,,,,,,,Towards Equal Opportunities in MOOCs: Affirmation Reduces Gender & Social-Class Achievement Gaps in China,2017,Full Paper,Experimentation
136,Amy X.,Zhang,University of Washington,United States,Michele,Igo,"University of California, Davis",United States,Marc,Facciotti,"University of California, Davis",United States,David,Karger,Massachusetts Institute of Technology,United States,,,,,,,,,,,,,,,,,,,,,,,,,,,,,,,,,Using Student Annotated Hashtags and Emojis to Collect Nuanced Affective States,2017,WIP,Work in Progress
137,Francisco,Iniesto,The Open University,United Kingdom,Patrick,McAndrew,The Open University,United Kingdom,Shailey,Minocha,The Open University,United Kingdom,Tim,Coughlan,The Open University,United Kingdom,,,,,,,,,,,,,,,,,,,,,,,,,,,,,,,,,What are the Expectations of Disabled Learners when Participating in a MOOC?  225-228,2017,WIP,Work in Progress
138,Andrew,Head,University of Pennsylvania,United States,Elena,Glassman,Harvard University,United States,Gustavo,Soares,Microsoft Corporation,United States,Ryo,Suzuki,University of Calgary,Canada,Lucas,Figueredo,Universidade Federal Rural de Pernambuco,Brazil,Loris,D'Antoni,University of Wisconsin-Madison,United States,Björn,Hartmann,"University of California, Berkeley",United States,,,,,,,,,,,,,,,,,,,,,Writing Reusable Code Feedback at Scale with Mixed-Initiative Program Synthesis,2017,Full Paper,Feedback for Improving Learning
139,Qiao,Zhang,Drexel University,United States,Christopher J.,MacLellan,Georgia Institute of Technology,United States,,,,,,,,,,,,,,,,,,,,,,,,,,,,,,,,,,,,,,,,,(A)I Will Teach You to Play Gomoku: Exploring the Use of Game AI to Teach People,2022,WIP,Work in Progress
140,Shai,Perach,Weizmann Institute of Science Israel,Israel,Giora,Alexandron,Weizmann Institute of Science Israel,Israel,,,,,,,,,,,,,,,,,,,,,,,,,,,,,,,,,,,,,,,,,A Blended-Learning Program for Implementing a Rigorous Machine-Learning Curriculum in High-Schools,2022,WIP,Work in Progress
141,Jingting,Li,City University of Hong Kong,Hong Kong,Chee Wei,Tan,Nanyang Technological University,Singapore,Ching Nam,Hang,City University of Hong Kong,Hong Kong,Xintong,Qi,Columbia University,United States,,,,,,,,,,,,,,,,,,,,,,,,,,,,,,,,,A Chatbot-Server Framework for Scalable Machine Learning Education through Crowdsourced Data,2022,WIP,Work in Progress
142,Mohamed,Elhayany,Hasso-Plattner-Institut für Softwaresystemtechnik GmbH,Germany,Ranjiraj-Rajendran,Nair,Otto von Guericke University of Magdeburg,Germany,Thomas,Staubitz,Hasso-Plattner-Institut für Softwaresystemtechnik GmbH,Germany,Christoph,Meinel,Hasso-Plattner-Institut für Softwaresystemtechnik GmbH,Germany,,,,,,,,,,,,,,,,,,,,,,,,,,,,,,,,,A Study about Future Prospects of JupyterHub in MOOCs,2022,WIP,Work in Progress
143,Michael,Meaney,Arizona State University,United States,Tom,Fikes,Arizona State University,United States,,,,,,,,,,,,,,,,,,,,,,,,,,,,,,,,,,,,,,,,,Adding a Demographic Lens to Cluster Analysis of Participants in Entry-level Massive Open Online Courses (MOOCs),2022,WIP,Work in Progress
144,Eileen,Scanlon,The Open University,United Kingdom,Christothea,Herodotou,The Open University,United Kingdom,,,,,,,,,,,,,,,,,,,,,,,,,,,,,,,,,,,,,,,,,Advancing the Democratization of Research: Citizen Science,2022,WIP,Work in Progress
145,Andey,Robins,University of Wyoming,United States,Tiffany,Hunt,University of Wyoming,United States,Dana,Robertson,Virginia Polytechnic Institute and State University,United States,Richard,Carter,University of Wyoming,United States,,,,,,,,,,,,,,,,,,,,,,,,,,,,,,,,,Amazon Alexa Skills as a Novel Modality for In-service Professional Micro-Development (WIP),2022,WIP,Work in Progress
146,Bobbie L.,Eicher,Georgia Institute of Technology,United States,David A.,Joyner,Georgia Institute of Technology,United States,,,,,,,,,,,,,,,,,,,,,,,,,,,,,,,,,,,,,,,,,An Examination of Unofficial Course Reviews in a Graduate Program at Scale,2022,WIP,Work in Progress
147,Thomas,Staubitz,Hasso-Plattner-Institut für Softwaresystemtechnik GmbH,Germany,Max,Bothe,Hasso-Plattner-Institut für Softwaresystemtechnik GmbH,Germany,Mohamed,Elhayany,Hasso-Plattner-Institut für Softwaresystemtechnik GmbH,Germany,Christiane,Hagedorn,Hasso-Plattner-Institut für Softwaresystemtechnik GmbH,Germany,Sebastian,Serth,Hasso-Plattner-Institut für Softwaresystemtechnik GmbH,Germany,Theresa,Zobel,Hasso-Plattner-Institut für Softwaresystemtechnik GmbH,Germany,Christoph,Meinel,Hasso-Plattner-Institut für Softwaresystemtechnik GmbH,Germany,,,,,,,,,,,,,,,,,,,,,"Analysis of the Applicability of General Scaling Laws on Course Size, Completion Rates, and Forum Activity in MOOCs",2022,WIP,Work in Progress
148,Sean,Tsung,Hong Kong University of Science and Technology,Hong Kong,Huan,Wei,Hong Kong University of Science and Technology,Hong Kong,Haotian,Li,Hong Kong University of Science and Technology,Hong Kong,Yong,Wang,Singapore Management University,Singapore,Meng,Xia,Carnegie Mellon University,United States,Huamin,Qu,Hong Kong University of Science and Technology,Hong Kong,,,,,,,,,,,,,,,,,,,,,,,,,BlockLens: Visual Analytics of Student Coding Behaviors in Block-Based Programming Environments,2022,WIP,Work in Progress
149,Mohit,Chandarana,Codio,United States,Elise,Deitrick,Codio,United States,,,,,,,,,,,,,,,,,,,,,,,,,,,,,,,,,,,,,,,,,Challenges of Scaling Programming-based Behavioral Metrics,2022,WIP,Work in Progress
150,Hui,Yang,SRI International,United States,Nonye,Alozie,SRI International,United States,Arif,Rachmatullah,SRI International,United States,,,,,,,,,,,,,,,,,,,,,,,,,,,,,,,,,,,,,Collaboration at Scale: Exploring Member Role Changing Patterns in Collaborative Science Problem-solving Tasks,2022,WIP,Work in Progress
151,Gavin,Porter,Harvard Medical School,United States,,,,,,,,,,,,,,,,,,,,,,,,,,,,,,,,,,,,,,,,,,,,,Collaborative Annotation: Links to Formative Assessment and Issues of Scale for Pedagogy,2022,WIP,Work in Progress
152,Sasipa,Boonyubol,Tokyo Institute of Technology,Japan,Shahriar,Kabir,Tokyo Institute of Technology,Japan,Jeffrey Scott,Cross,Tokyo Institute of Technology,Japan,,,,,,,,,,,,,,,,,,,,,,,,,,,,,,,,,,,,,Comparing MOOC Learners Engagement with Japanese Videos and Text to Speech Generated English Videos,2022,WIP,Work in Progress
153,Chi-Un,Lei,The University of Hong Kong,Hong Kong,Hong Qiang,Wei,Ccc Kei Yuen College,Hong Kong,,,,,,,,,,,,,,,,,,,,,,,,,,,,,,,,,,,,,,,,,Developing Student's Global Competencies at Scale in an Affordable MOOC K12 Outreach Initiative,2022,WIP,Work in Progress
154,Benny G.,Johnson,VitalSource Technologies,United States,Jeffrey S.,Dittel,VitalSource Technologies,United States,Rachel,Van Campenhout,VitalSource Technologies,United States,Bill,Jerome,VitalSource Technologies,United States,,,,,,,,,,,,,,,,,,,,,,,,,,,,,,,,,Discrimination of Automatically Generated Questions Used as Formative Practice,2022,WIP,Work in Progress
155,Katy,Jordan,The Faculty of Education,United Kingdom,Christina,Myers,edtechhub.org,,,,,,,,,,,,,,,,,,,,,,,,,,,,,,,,,,,,,,,,,,EdTech and Girls Education in Low- and Middle-Income Countries: Which Intervention Types Have the Greatest Impact on Learning Outcomes for Girls?  330-334,2022,WIP,Work in Progress
156,René F.,Kizilcec,Cornell Information Science,United States,Jennifer A.,Mimno,Cornell University,United States,Andrew J.,Karhan,Cornell University,United States,,,,,,,,,,,,,,,,,,,,,,,,,,,,,,,,,,,,,Effects of Framing Professional Development as a Career Growth Opportunity on Course Completion,2022,WIP,Work in Progress
157,Xiuyu,Chen,The University of Hong Kong,Hong Kong,Shihui,Feng,The University of Hong Kong,Hong Kong,,,,,,,,,,,,,,,,,,,,,,,,,,,,,,,,,,,,,,,,,Exploring the Relationships between Social and Teaching Presence in Video-based Informal Learning Using Network Analysis,2022,WIP,Work in Progress
158,Anindya,Roy,Massachusetts Institute of Technology,United States,Michael,Yee,Lincoln Laboratory,United States,Meghan,Perdue,Massachusetts Institute of Technology,United States,Julius,Stein,Lincoln Laboratory,United States,Ana,Bell,MIT Computer Science &amp; Artificial Intelligence Laboratory,United States,Ronisha,Carter,United States Department of the Air Force,United States,Shigeru,Miyagawa,Universidade de São Paulo,Brazil,,,,,,,,,,,,,,,,,,,,,How COVID-19 Affected Computer Science MOOC Learner Behavior and Achievements: A Demographic Study,2022,WIP,Work in Progress
159,Shu-Yi,Hsu,Columbia University,United States,M. Shane,Tutwiler,The University of Rhode Island,United States,,,,,,,,,,,,,,,,,,,,,,,,,,,,,,,,,,,,,,,,,How Much and for Whom?: A Multi-Wave Study of the Impact of Self-Regulated Learning Scaffolds on MOOC Student Academic Performance,2022,WIP,Work in Progress
160,Shiva,Shabaninejad,The University of Queensland,Australia,Hassan,Khosravi,The University of Queensland,Australia,Solmaz,Abdi,The University of Queensland,Australia,Marta,Indulska,The University of Queensland Business School,Australia,Shazia,Sadiq,The University of Queensland,Australia,,,,,,,,,,,,,,,,,,,,,,,,,,,,,Incorporating Explainable Learning Analytics to Assist Educators with Identifying Students in Need of Attention,2022,WIP,Work in Progress
161,Farahnaz,Soleimani,Georgia Institute of Technology,United States,Jeonghyun,Lee,Georgia Institute of Technology,United States,Meryem,Yilmaz Soylu,Georgia Institute of Technology,United States,Saurabh,Chatterjee,Georgia Institute of Technology,United States,,,,,,,,,,,,,,,,,,,,,,,,,,,,,,,,,Influential Text-Based Features in Predicting Admission Status of Online Degree Applicants,2022,WIP,Work in Progress
162,G.R.,Marvez,Massachusetts Institute of Technology,United States,Tianyuan,Zheng,Massachusetts Institute of Technology,United States,Joshua,Littenberg-Tobias,Massachusetts Institute of Technology,United States,Garron,Hillaire,Advanced Education Research &amp; Development Fund,United States,Sara,O'Brien,Massachusetts Institute of Technology,United States,Justin,Reich,Massachusetts Institute of Technology,United States,,,,,,,,,,,,,,,,,,,,,,,,,Integrating Dynamic Supports into an Equity Teaching Simulation to Promote Equity Mindsets,2022,WIP,Work in Progress
163,Carinna Nunes,Tulha,Universidade Estadual de Campinas,Brazil,Marco Antonio G.,Carvalho,Universidade Estadual de Campinas,Brazil,Leandro N.,De Castro,Universidade Estadual de Campinas,Brazil,,,,,,,,,,,,,,,,,,,,,,,,,,,,,,,,,,,,,LEDA: A Learning Analytics Based Framework to Analyze Remote Labs Interaction,2022,WIP,Work in Progress
164,Kimberly,Williamson,Cornell University,United States,René F.,Kizilcec,Cornell Information Science,United States,,,,,,,,,,,,,,,,,,,,,,,,,,,,,,,,,,,,,,,,,Large-scale Analysis of Discussion Networks in College Courses,2022,WIP,Work in Progress
165,Naoto,Nishida,The University of Tokyo,Japan,Hinako,Nozaki,University of Tsukuba,Japan,Buntarou,Shizuki,University of Tsukuba,Japan,,,,,,,,,,,,,,,,,,,,,,,,,,,,,,,,,,,,,Laugh at Your Own Pace: Basic Performance Evaluation of Language Learning Assistance by Adjustment of Video Playback Speeds Based on Laughter Detection,2022,WIP,Work in Progress
166,Bo,Yang,Göteborgs Universitet,Sweden,Huyang,He,Chengdu Yulin High School,China,,,,,,,,,,,,,,,,,,,,,,,,,,,,,,,,,,,,,,,,,Learning Alone Yet Together: Enhancing Between-Learner Social Connectivity at Scale,2022,WIP,Work in Progress
167,Michelle,Banawan,Asian Institute of Management,Philippines,Jinnie,Shin,University of Florida,United States,Renu,Balyan,SUNY Old Westbury,United States,Walter L.,Leite,University of Florida,United States,Danielle S.,McNamara,Arizona State University,United States,,,,,,,,,,,,,,,,,,,,,,,,,,,,,Math Discourse Linguistic Components (Cohesive Cues within a Math Discussion Board Discourse),2022,WIP,Work in Progress
168,Ji Yong,Cho,Cornell University,United States,Yue,Li,Cornell University,United States,Marianne E.,Krasny,Cornell University,United States,René F.,Kizilcec,Cornell Information Science,United States,,,,,,,,,,,,,,,,,,,,,,,,,,,,,,,,,Measuring Cultural Dimensions of Learning in Online Courses,2022,WIP,Work in Progress
169,Robert,Stanyon,University of Birmingham,United Kingdom,Austin A.,Tomlinson,University of Birmingham,United Kingdom,Manjinder,Kainth,6Bit Education Ltd,United Kingdom,Nicola K.,Wilkin,University of Birmingham,United Kingdom,,,,,,,,,,,,,,,,,,,,,,,,,,,,,,,,,Providing Individual Student Feedback at Scale for Mathematical Disciplines,2022,WIP,Work in Progress
170,Mengchen,Su,University of Minnesota Twin Cities,United States,Lukas A.,Olson,Infinite Campus,United States,Daniel C.,Jarratt,Infinite Campus,United States,Sashank,Varma,Georgia Institute of Technology,United States,Joseph A.,Konstan,University of Minnesota Twin Cities,United States,Rebecca J. L.,Keller,Infinite Campus,United States,Bodong,Chen,University of Minnesota Twin Cities,United States,,,,,,,,,,,,,,,,,,,,,Re-envisioning a K-12 Early Warning System with School Climate Factors,2022,WIP,Work in Progress
171,Chenglu,Li,University of Florida,United States,Wanli,Xing,University of Florida,United States,,,,,,,,,,,,,,,,,,,,,,,,,,,,,,,,,,,,,,,,,Revealing Factors Influencing Students' Perceived Fairness: A Case with a Predictive System for Math Learning,2022,WIP,Work in Progress
172,Kendall,Nakai,Microsoft Corporation,United States,Philip J.,Guo,Department of Computer Science and Engineering,United States,,,,,,,,,,,,,,,,,,,,,,,,,,,,,,,,,,,,,,,,,Scaling Up Access to the Hidden Curriculum: A Design Methodology for Creating Undergraduate Mentoring Guides,2022,WIP,Work in Progress
173,Yu-Chun Grace,Yen,"University of California, San Diego",United States,Steven P.,Dow,"University of California, San Diego",United States,,,,,,,,,,,,,,,,,,,,,,,,,,,,,,,,,,,,,,,,,Seeking Exemplars in the Wild: Exploring How Students Find Design Examples to Support Personalized Learning,2022,WIP,Work in Progress
174,Bobbie L.,Eicher,Georgia Institute of Technology,United States,David A.,Joyner,Georgia Institute of Technology,United States,,,,,,,,,,,,,,,,,,,,,,,,,,,,,,,,,,,,,,,,,Student Use of Course Reviews at Scale,2022,WIP,Work in Progress
175,Rémi,Sharrock,Télécom Paris,France,Ewen,Collin,Institut Polytechnique de Paris,France,Thibaud,Labat,Institut Polytechnique de Paris,France,Ella,Hamonic,Independent Researcher,France,Petra,Bonfert-Taylor,Dartmouth College,United States,Michael,Goudzwaard,Dartmouth College,United States,,,,,,,,,,,,,,,,,,,,,,,,,Teaching and Learning Programming with Linux using In-Browser Client-Side Web Technologies: Exploring the Key Features for Achieving Systems and Tools Scalability,2022,WIP,Work in Progress
176,Michael,Yee,Lincoln Laboratory,United States,Anindya,Roy,Massachusetts Institute of Technology,United States,Julius,Stein,Lincoln Laboratory,United States,Meghan,Perdue,Massachusetts Institute of Technology,United States,Ana,Bell,MIT Computer Science &amp; Artificial Intelligence Laboratory,United States,Ronisha,Carter,United States Department of the Air Force,United States,Shigeru,Miyagawa,Universidade de São Paulo,Brazil,,,,,,,,,,,,,,,,,,,,,The Relationship Between COVID-19 Severity and Computer Science MOOC Learner Achievement: A Preliminary Analysis,2022,WIP,Work in Progress
177,Pablo,García-Zarza,Universidad de Valladolid,Spain,Miguel L.,Bote-Lorenzo,Universidad de Valladolid,Spain,Guillermo,Vega-Gorgojo,Universidad de Valladolid,Spain,Juan I.,Asensio-Pérez,Universidad de Valladolid,Spain,,,,,,,,,,,,,,,,,,,,,,,,,,,,,,,,,Towards a Teacher Application to Support Semantic Annotations of Learning Tasks in Cultural Heritage,2022,WIP,Work in Progress
178,Jungwook,Rhim,Seoul National University,South Korea,Gahgene,Gweon,Seoul National University,South Korea,,,,,,,,,,,,,,,,,,,,,,,,,,,,,,,,,,,,,,,,,Understanding the Relationship Between Students' Learning Outcome and Behavioral Patterns using Touch Trajectories,2022,WIP,Work in Progress
179,Yu,Li,Columbia University,United States,Chun-Yen,Chen,Columbia University,United States,Dian,Yu,"University of California, Davis",United States,Sam,Davidson,"University of California, Davis",United States,Ryan,Hou,Columbia University,United States,Xun,Yuan,Zhejiang University,China,Yinghua,Tan,Columbia University,United States,Derek,Pham,Columbia University,United States,Zhou,Yu,Columbia University,United States,,,,,,,,,,,,,Using Chatbots to Teach Languages,2022,WIP,Work in Progress
180,Zachary,Felker,University of Central Florida,United States,Zhongzhou,Chen,University of Central Florida,United States,,,,,,,,,,,,,,,,,,,,,,,,,,,,,,,,,,,,,,,,,Using a Planning Prompt Survey to Encourage Early Completion of Homework Assignments,2022,WIP,Work in Progress
181,Dragos,Corlatescu,CrowdStrike,Romania,Stefan,Ruseti,University Politehnica of Bucharest,United States,Irina,Toma,University Politehnica of Bucharest,Romania,Mihai,Dascalu,University Politehnica of Bucharest,United States,,,,,,,,,,,,,,,,,,,,,,,,,,,,,,,,,Where are the Large N Studies in Education?: Introducing a Dataset of Scientific Articles and NLP Techniques,2022,WIP,Work in Progress
