Paper Title,Year,Full Paper or WIP?,Session Name,"Context: MOOCs, In-person degrees, Online degrees, K-12, Informal learning environments, Other (specify in 1-2 words in Context Notes)",Context Notes,"Subject: CS, Non-CS STEM, Non-STEM (specify in 1-2 words in Subject Notes), Unspecified",Subject Notes,"AI/ML Applications in Education? (Enter ""Y"" or ""N"")"
Student skill and goal achievement in the mapping with google MOOC,2014,Full Paper,Student Skills and behavior,,,,,
Correlating Skill and Improvement in 2 MOOCs with a Student’s Time on Tasks,2014,Full Paper,Student Skills and behavior,,,,,
Demographic differences in how students navigate through MOOCs,2014,Full Paper,Student Skills and behavior,,,,,
Understanding in-video dropouts and interaction peaks inonline lecture videos,2014,Full Paper,Course materials,,,,,
How video production affects student engagement: an empirical study of MOOC videos,2014,Full Paper,Course materials,,,,,
Hint systems may negatively impact performance in educational games,2014,Full Paper,Course materials,,,,,
Teaching recommender systems at large scale: evaluation and lessons learned from a hybrid MOOC,2014,Full Paper,The role of the instructor,,,,,
Do professors matter?: using an a/b test to evaluate the impact of instructor involvement on MOOC student outcomes,2014,Full Paper,The role of the instructor,,,,,
Monitoring MOOCs: which information sources do instructors value?,2014,Full Paper,The role of the instructor,,,,,
Divide and correct: using clusters to grade short answers at scale,2014,Full Paper,Assessment,,,,,
Scaling short-answer grading by combining peer assessment with algorithmic scoring,2014,Full Paper,Assessment,,,,,
Self-evaluation in advanced power searching and mapping with google MOOCs,2014,Full Paper,Assessment,,,,,
Superposter behavior in MOOC forums,2014,Full Paper,Forums and chat rooms,,,,,
Chatrooms in MOOCs: all talk and no action,2014,Full Paper,Forums and chat rooms,,,,,
Effective Sampling for Large-scale Automated Writing Evaluation Systems,2015,Full Paper,Analysis,,,,,
Improving Student Modeling Through Partial Credit and Problem Difficulty,2015,Full Paper,Analysis,,,,,
Addressing Common Analytic Challenges to Randomized Experiments in MOOCs: Attrition and Zero-Inflation,2015,Full Paper,Analysis,,,,,
Structure and messaging techniques for online peer learning systems that increase stickiness,2015,Full Paper,Analysis,,,,,
The Prediction of Student First Response Using Prerequisite Skills,2015,Full Paper,Behavior 1,,,,,
Blended Learning in Indian Colleges with Massively Empowered Classroom,2015,Full Paper,Behavior 1,,,,,
Attrition and Achievement Gaps in Online Learning,2015,Full Paper,Behavior 1,,,,,
Towards Detecting Wheel-Spinning: Future Failure in Mastery Learning,2015,Full Paper,Behavior 1,,,,,
PeerStudio: Rapid Peer Feedback Emphasizes Revision and Improves Performance,2015,Full Paper,Behavior 2,,,,,
Alumni & Tenured Participants in MOOCs: Analysis of Two Years of MOOC Discussion Channel Activity,2015,Full Paper,Behavior 2,,,,,
A Playful Game Changer: Fostering Student Retention in Online Education with Social Gamification,2015,Full Paper,Behavior 2,,,,,
moocRP: An Open-source Analytics Platform,2015,Full Paper,Behavior 2,,,,,
Learning is Not a Spectator Sport: Doing is Better than Watching for Learning from a MOOC,2015,Full Paper,Learning,,,,,
Exploring the Effect of Confusion in Discussion Forums of Massive Open Online Courses,2015,Full Paper,Learning,,,,,
Uncovering Trajectories of Informal Learning in Large Online Communities of Creators,2015,Full Paper,Learning,,,,,
Probabilistic Use Cases: Discovering Behavioral Patterns for Predicting Certification,2015,Full Paper,Learning,,,,,
Bayesian Ordinal Peer Grading,2015,Full Paper,Grading,,,,,
An Automated Grading/Feedback System for 3-View Engineering Drawings using RANSAC,2015,Full Paper,Grading,,,,,
Mathematical Language Processing: Automatic Grading and Feedback for Open Response Mathematical Questions,2015,Full Paper,Grading,,,,,
BayesRank: A Bayesian Approach to Ranked Peer Grading,2015,Full Paper,Grading,,,,,
Staggered Versus All-At-Once Content Release in Massive Open Online Courses: Evaluating a Natural Experiment,2015,Full Paper,Design,,,,,
Autonomously Generating Hints by Inferring Problem Solving Policies,2015,Full Paper,Design,,,,,
Problems Before Solutions: Automated Problem Clarification at Scale,2015,Full Paper,Design,,,,,
A Modern Student Experience inSystems Programming,2015,WIP,,,,,,
Adding Third-Party Authentication to Open edX: A Case Study,2015,WIP,,,,,,
All It Takes Is One: Evidence for a Strategy for Seeding Large Scale Peer Learning Interactions,2015,WIP,,,,,,
An E-Report Scoring Method based on Student Peer Evaluation using Groupware,2015,WIP,,,,,,
Analysis of a Large-Scale Formative Writing Assessment System with Automated Feedback,2015,WIP,,,,,,
Are You Listening?: Social Roles and Perceived Value of Statements in Online Learning Communities,2015,WIP,,,,,,
Assessment of KNOWLA: Knowledge Assembly for Learning and Assessment,2015,WIP,,,,,,
AutoStyle: Toward Coding Style Feedback at Scale,2015,WIP,,,,,,
Behavior Prediction in MOOCs using Higher Granularity Temporal Information,2015,WIP,,,,,,
Clustering Student Programming Assignments to Multiply Instructor Leverage,2015,WIP,,,,,,
Clustering-Based Active Learning for CPSGrader,2015,WIP,,,,,,
Connecting Stories and Pedagogy Increases Participant Engagement in Discussions,2015,WIP,,,,,,
Connecting the Dots: Predicting Student Grade Sequences from Bursty MOOC Interactions over Time,2015,WIP,,,,,,
Cultural Relevance in MOOCs: Asking About Socioeconomic Context,2015,WIP,,,,,,
Demographic Differences in a Growth Mindset Incentive Structure for Educational Games,2015,WIP,,,,,,
Designing MOOCs as Interactive Places for Collaborative Learning,2015,WIP,,,,,,
Do Numeric Ratings Impact Peer Reviewers?  359-362,2015,WIP,,,,,,
Does Online Q&A Activity Vary Based on Topic: A Comparison of Technical and Non-technical Stack Exchange Forums,2015,WIP,,,,,,
"Educational Evaluation in the PKU SPOC Course ""Data Structures and Algorithms""",2015,WIP,,,,,,
"Evaluating the Relationship Between Course Structure, Learner Activity, and Perceived Value of Online Courses",2015,WIP,,,,,,
Exploring Collaborative Storytelling as a Method for Creating Educational Games,2015,WIP,,,,,,
Feature Factory: Crowd Sourced Feature Discovery,2015,WIP,,,,,,
Game Theory based Peer Grading Mechanisms for MOOCs,2015,WIP,,,,,,
Identifying Content-Related Threads in MOOC Discussion Forums,2015,WIP,,,,,,
Item Ordering Effects with Qualitative Explanations using Online Adaptive Tutoring Data,2015,WIP,,,,,,
Learn With Friends: The Effects of Student Face-to-Face Collaborations on Massive Open Online Course Activities,2015,WIP,,,,,,
Learner-Sourcing in an Engineering Class at Scale,2015,WIP,,,,,,
Learnersourcing of Complex Assessments,2015,WIP,,,,,,
Learning Experiments Using AB Testing at Scale,2015,WIP,,,,,,
Learning the Features Used To Decide How to Teach,2015,WIP,,,,,,
M-CAFE: Managing MOOC Student Feedback with Collaborative Filtering,2015,WIP,,,,,,
Measuring and Maximizing the Effectiveness of Honor Codes in Online Courses,2015,WIP,,,,,,
"Peers in MOOCs: Lessons Based on the Education Production Function, Collective Action, and an Experiment",2015,WIP,,,,,,
Practical Measures of Learning Behaviors,2015,WIP,,,,,,
Source Effects in Online Education,2015,WIP,,,,,,
Supporting Face-to-Face Like Communication Modalities for Asynchronous Assignment Feedback in Math Education,2015,WIP,,,,,,
Supporting Instructors in Collaborating with Researchers using MOOClets,2015,WIP,,,,,,
TELLab: An Experiential Learning Tool for Psychology,2015,WIP,,,,,,
Technology-Enhanced Learning: Evidence-based Improvement,2015,WIP,,,,,,
The Visible and Invisible in a MOOC Discussion Forum,2015,WIP,,,,,,
Toward the Evaluation of Educational Videos using Bayesian Knowledge Tracing and Big Data,2015,WIP,,,,,,
Towards Capturing Learners Sentiment and Context,2015,WIP,,,,,,
Understanding Learners' General Perception Towards Learning with MOOC Classmates: An Exploratory Study,2015,WIP,,,,,,
Using and Designing Platforms for In Vivo Educational Experiments,2015,WIP,,,,,,
Viz-R: Using Recency to Improve Student and Domain Models,2015,WIP,,,,,,
Who You Are or What You Do: Comparing the Predictive Power of Demographics vs,2015,WIP,,,,,,
Automatic Interpretable Personalized Learning,2022,Full Paper,Recommendation and Personalization @ Scale,,,,,
Heterogeneity of Treatment Effects of a Video Recommendation System for Algebra,2022,Full Paper,Recommendation and Personalization @ Scale,,,,,
Post Recommendation System Impact on Student Participation and Performance in an Online AI Graduate Course,2022,Full Paper,Recommendation and Personalization @ Scale,,,,,
"A Scenario-based Exploration of Expected Usefulness, Privacy Concerns, and Adoption Likelihood of Learning Analytics",2022,Full Paper,Analytics @ Scale,,,,,
"Incorporating Training, Self-monitoring and AI-Assistance to Improve Peer Feedback Quality",2022,Full Paper,Analytics @ Scale,,,,,
RLens: A Computer-aided Visualization System for Supporting Reflection on Language Learning under Distributed Tutorship,2022,Full Paper,Analytics @ Scale,,,,,
Digital Education For All: Multi-University Study of Increasing Competent Student Admissions at Scale,2022,Full Paper,Academics @ Scale,,,,,
"Meet Me in the Middle: Retention in a ""MOOC-Based"" Degree Program",2022,Full Paper,Academics @ Scale,,,,,
Function Names: Quantifying the Relationship Between Identifiers and Their Functionality to Improve Them,2022,Full Paper,CS Education @ Scale,,,,,
LEGenT: Localizing Errors and Generating Testcases for CS1,2022,Full Paper,CS Education @ Scale,,,,,
Using NLP to Quantify Program Decomposition in CS1,2022,Full Paper,CS Education @ Scale,,,,,
Large-Scale Student Data Reveal Sociodemographic Gaps in Procrastination Behavior,2022,Full Paper,Studies @ Scale,,,,,
Meta Transfer Learning for Early Success Prediction in MOOCs,2022,Full Paper,Studies @ Scale,,,,,
Millions and Billions of Views: Understanding Popular Science and Knowledge Communication on Video-Sharing Platforms,2022,Full Paper,Video Use @ Scale,,,,,
Picturing One's Self: Camera Use in Zoom Classes during the COVID-19 Pandemic,2022,Full Paper,Video Use @ Scale,,,,,
Using the YouTube Video Style in a MOOC: (Re-)Testing the Effect of Visual Experience in a Field-Experiment,2022,Full Paper,Video Use @ Scale,,,,,
"Designing and Building Inclusive, Entry-level Massive Open Online Courses (MOOCs): Perspectives from Producers",2022,Full Paper,Instructional Design @ Scale,,,,,
When Gamification Spoils Your Learning: A Qualitative Case Study of Gamification Misuse in a Language-Learning App,2022,Full Paper,Instructional Design @ Scale,,,,,
Digital Clinical Simulation Suite: Specifications and Architecture for Simulation-Based Pedagogy at Scale,2022,Full Paper,Simulations and Games @ Scale,,,,,
The Challenges of Evolving Technical Courses at Scale: Four Case Studies of Updating Large Data Science Courses,2022,Full Paper,Simulations and Games @ Scale,,,,,
Learnersourcing in Theory and Practice: Synthesizing the Literature and Charting the Future,2022,Full Paper,Students @ Scale,,,,,
Pathways: Exploring Academic Interests with Historical Course Enrollment Records,2022,Full Paper,Students @ Scale,,,,,
$1 Conversational Turn Detector: Measuring How Video Conversations Affect Student Learning in Online Classes,2016,Full Paper,Learner Modelling,,,,,
A Constructionist Toolkit for Learning Elementary Web Development at Scale,2016,WIP,Work in Progress,,,,,
A Data-Driven Approach for Inferring Student Proficiency from Game Activity Logs,2016,Full Paper,Automated Assessment,,,,,
A Framework for Topic Generation and Labeling from MOOC Discussions,2016,WIP,Work in Progress,,,,,
"A Preliminary Look at MOOC-associated Facebook Groups: Prevalence, Geographic Representation, and Homophily",2016,WIP,Work in Progress,,,,,
A Queueing Network Model for Spaced Repetition,2016,WIP,Work in Progress,,,,,
A Scalable Learning Analytics Platform for Automated Writing Feedback,2016,WIP,Work in Progress,,,,,
ASSISTments Dataset from Multiple Randomized Controlled Experiments,2016,WIP,Work in Progress,,,,,
AXIS: Generating Explanations at Scale with Learnersourcing and Machine Learning,2016,Full Paper,Flipped Session - Crowdsourcing the Feedback,,,,,
An Exploration of Automated Grading of Complex Assignments,2016,Full Paper,Automated Assessment,,,,,
An Investigation of the Effects of Online Test Strategy on Students' Learning Behaviors,2016,WIP,Work in Progress,,,,,
Assessing Problem-Solving Process At Scale,2016,WIP,Work in Progress,,,,,
Automatically Learning to Teach to the Learning Objectives,2016,WIP,Work in Progress,,,,,
Beetle-Grow: An Effective Intelligent Tutoring System for Data Collection,2016,WIP,Work in Progress,,,,,
Beyond Traditional Metrics: Using Automated Log Coding to Understand 21st Century Learning Online,2016,WIP,Work in Progress,,,,,
Brain Points: A Deeper Look at a Growth Mindset Incentive Structure for an Educational Game,2016,Full Paper,Engagement,,,,,
Bringing Non-programmer Authoring of Intelligent Tutors to MOOCs,2016,WIP,Work in Progress,,,,,
Browser Language Preferences as a Metric for Identifying ESL Speakers in MOOCs,2016,WIP,Work in Progress,,,,,
"Challenge and Potential of Fine Grain, Cross-Institutional Learning Data",2016,WIP,Work in Progress,,,,,
Course Builder Skill Maps,2016,WIP,Work in Progress,,,,,
Deep Neural Networks and How They Apply to Sequential Education Data,2016,WIP,Work in Progress,,,,,
Designing Videos with Pedagogical Strategies: Online Students' Perceptions of Their Effectiveness,2016,WIP,Work in Progress,,,,,
Designing for Open Learning: Design Principles and Scalability Affordances in Practice,2016,WIP,Work in Progress,,,,,
Effects of In-Video Quizzes on MOOC Lecture Viewing,2016,Full Paper,Engagement,,,,,
Elice: An online CS Education Platform to Understand How Students Learn Programming,2016,WIP,Work in Progress,,,,,
Enabling Schema Agnostic Learning Analytics in a Service-Oriented MOOC Platform,2016,WIP,Work in Progress,,,,,
Evaluating the 'Student' Experience in MOOCs,2016,WIP,Work in Progress,,,,,
Expert Evaluation of 300 Projects per Day,2016,WIP,Work in Progress,,,,,
Explaining Student Behavior at Scale: The Influence of Video Complexity on Student Dwelling Time,2016,Full Paper,Engagement,,,,,
Exploring the Effects of Lightweight Social Incentives on Learner Performance in MOOCs,2016,WIP,Work in Progress,,,,,
Fuzz Testing Projects in Massive Courses,2016,Full Paper,Automated Assessment,,,,,
Graders as Meta-Reviewers: Simultaneously Scaling and Improving Expert Evaluation for Large Online Classrooms,2016,Full Paper,Flipped Session - Crowdsourcing the Feedback,,,,,
How Mastery Learning Works at Scale,2016,Full Paper,Learner Modelling,,,,,
Identifying Student Misunderstandings using Constructed Responses,2016,WIP,Work in Progress,,,,,
Illusion of Progress is Moar Addictive than Cat Pictures,2016,WIP,Work in Progress,,,,,
Improving the Peer Assessment Experience on MOOC Platforms,2016,Full Paper,Flipped Session - Crowdsourcing the Feedback,,,,,
Investigating the Use of Hints in Online Problem Solving,2016,WIP,Work in Progress,,,,,
LINK-REPORT: Outcome Analysis of Informal Learning at Scale,2016,WIP,Work in Progress,,,,,
Learning Student and Content Embeddings for Personalized Lesson Sequence Recommendation,2016,WIP,Work in Progress,,,,,
Learning Transfer: Does It Take Place in MOOCs? An Investigation into the Uptake of Functional Programming in Practice,2016,Full Paper,Flipped Session - Outside the MOOC,,,,,
Learning about Teaching in Low-Resource Indian Contexts,2016,WIP,Work in Progress,,,,,
Learning at Scale: Using an Evidence Hub To Make Sense of What We Know,2016,WIP,Work in Progress,,,,,
Macro Data for Micro Learning: Developing the FUN! Tool for Automated Assessment of Learning,2016,WIP,Work in Progress,,,,,
Making the Production of Learning at Scale More Open and Flexible,2016,WIP,Work in Progress,,,,,
Metaphors for Learning and MOOC Pedagogies,2016,WIP,Work in Progress,,,,,
Mobile Devices for Early Literacy Intervention and Research with Global Reach,2016,Full Paper,Global Village,,,,,
Modeling Student Scheduling Preferences in a Computer-Based Testing Facility,2016,WIP,Work in Progress,,,,,
Observing URL Sharing Behaviour in Massive Online Open Courses,2016,WIP,Work in Progress,,,,,
Online Urbanism: Interest-based Subcultures as Drivers of Informal Learning in an Online Community,2016,Full Paper,Global Village,,,,,
Open-DLAs: An Open Dashboard for Learning Analytics,2016,WIP,Work in Progress,,,,,
Optimally Discriminative Choice Sets in Discrete Choice Models: Application to Data-Driven Test Design,2016,WIP,Work in Progress,,,,,
Optimizing the Amount of Practice in an On-Line Platform,2016,WIP,Work in Progress,,,,,
PEER Support In MOOCs: The Role Of Social Presence,2016,WIP,Work in Progress,,,,,
Peer Grading in a Course on Algorithms and Data Structures: Machine Learning Algorithms do not Improve over Simple Baselines,2016,Full Paper,Automated Assessment,,,,,
Peer Reviewing Short Answers using Comparative Judgement,2016,WIP,Work in Progress,,,,,
Personalized Adaptive Learning using Neural Networks,2016,WIP,Work in Progress,,,,,
Predicting Student Learning using Log Data from Interactive Simulations on Climate Change,2016,WIP,Work in Progress,,,,,
Predicting Students' Performance: Incremental Interaction Classifiers,2016,WIP,Work in Progress,,,,,
Predicting Students' Standardized Test Scores Using Online Homework,2016,WIP,Work in Progress,,,,,
Profiling MOOC Course Returners: How Does Student Behavior Change Between Two Course Enrollments?  269-272,2016,WIP,Work in Progress,,,,,
Promoting Student Engagement in MOOCs,2016,WIP,Work in Progress,,,,,
Recommending Self-Regulated Learning Strategies Does Not Improve Performance in a MOOC,2016,WIP,Work in Progress,,,,,
Scaling up Online Question Answering via Similar Question Retrieval,2016,WIP,Work in Progress,,,,,
Structured Knowledge Tracing Models for Student Assessment on Coursera,2016,WIP,Work in Progress,,,,,
Supporting Peer Instruction with Evidence-Based Online Instructional Templates,2016,WIP,Work in Progress,,,,,
Supporting Scalable Data Sharing in Online Education,2016,WIP,Work in Progress,,,,,
TAPS: A MOSS Extension for Detecting Software Plagiarism at Scale,2016,WIP,Work in Progress,,,,,
The Civic Mission of MOOCs: Measuring Engagement across Political Differences in Forums,2016,Full Paper,Global Village,,,,,
The Distributed Esteemed Endorser Review: A Novel Approach to Participant Assessment in MOOCs,2016,WIP,Work in Progress,,,,,
The Opportunity Count Model: A Flexible Approach to Modeling Student Performance,2016,WIP,Work in Progress,,,,,
The Role of Social Media in MOOCs: How to Use Social Media to Enhance Student Retention,2016,Full Paper,Flipped Session - Outside the MOOC,,,,,
The Unexpected Pedagogical Benefits of Making Higher Education Accessible,2016,WIP,Work in Progress,,,,,
Towards Cross-domain MOOC Forum Post Classification,2016,WIP,Work in Progress,,,,,
Understanding ESL Students' Motivations to Increase MOOC Accessibility,2016,WIP,Work in Progress,,,,,
Using Android Wear for Avoiding Procrastination Behaviours in MOOCs,2016,WIP,Work in Progress,,,,,
Using Multiple Accounts for Harvesting Solutions in MOOCs,2016,Full Paper,Learner Modelling,,,,,
Work in Progress: Student Behaviors Using Feedback in a Blended Physics Undergraduate Classroom,2016,WIP,Work in Progress,,,,,
A Crowdsourcing Approach to Collecting Tutorial Videos - Toward Personalized Learning-at-Scale,2017,WIP,Work in Progress,,,,,
A Heuristic Method for Large-Scale Cognitive-Diagnostic Computerized Adaptive Testing,2017,WIP,Work in Progress,,,,,
A Memory-Augmented Neural Model for Automated Grading,2017,WIP,Work in Progress,,,,,
A Novel Self-Paced Model for Teaching Programming,2017,WIP,Work in Progress,,,,,
A Probabilistic Approach for Discovering Difficult Course Topics Using Clickstream Data,2017,WIP,Work in Progress,,,,,
A Statistical Framework for Predictive Model Evaluation in MOOCs,2017,WIP,Work in Progress,,,,,
A Visual Approach towards Knowledge Engineering and Understanding How Students Learn in Complex Environments,2017,Full Paper,Engineering Learning Environments,,,,,
Access to Massive Open Online Labs through a MOOC,2017,WIP,Work in Progress,,,,,
Applying and Exploring Bayesian Hypothesis Testing for Large Scale Experimentation in Online Tutoring Systems,2017,WIP,Work in Progress,,,,,
Authentic Science Inquiry Learning at Scale Enabled by an Interactive Biology Cloud Experimentation Lab,2017,WIP,Work in Progress,,,,,
CROWDLEARNING: Towards Collaborative Problem-Posing at Scale,2017,WIP,Work in Progress,,,,,
Characterizing ELL Students' Behavior During MOOC Videos Using Content Type,2017,WIP,Work in Progress,,,,,
Collaboration and Teamwork on a MOOC Platform: A Toolset,2017,WIP,Work in Progress,,,,,
Comment Ranking Diversification in Forum Discussions,2017,WIP,Work in Progress,,,,,
"Congruency, Adaptivity, Modularity, and Personalization: Four Experiments in Teaching Introduction to Computing",2017,WIP,Work in Progress,,,,,
Criteria for Video Engagement in a Biology MOOC,2017,WIP,Work in Progress,,,,,
Data-mining textual responses to uncover misconception patterns,2017,WIP,Work in Progress,,,,,
Data-Driven Feedback Generator for Online Programing Courses,2017,WIP,Work in Progress,,,,,
Deep Knowledge Tracing On Programming Exercises,2017,WIP,Work in Progress,,,,,
Designing Adaptive Assessments in MOOCs,2017,WIP,Work in Progress,,,,,
Detecting Diligence with Online Behaviors on Intelligent Tutoring Systems,2017,Full Paper,Predicting and Explaining Learning,,,,,
Do Performance Trends Suggest Wide-spread Collaborative Cheating on Asynchronous Exams?  111-120,2017,Full Paper,Integrity of Courses and Learners,,,,,
Enabling Real-Time Adaptivity in MOOCs with a Personalized Next-Step Recommendation Framework,2017,Full Paper,Engineering Learning Environments,,,,,
Enhancing the Experience Application Program Interface (xAPI) to Improve Domain Competency Modeling for Adaptive Instruction,2017,WIP,Work in Progress,,,,,
Epistemic Cognition: A Promising and Necessary Construct for Enriching Large-scale Online Learning Analysis,2017,Full Paper,Predicting and Explaining Learning,,,,,
Experimenting Choices of Video and Text Feedback in Authentic Foreign Language Assignments at Scale,2017,WIP,Work in Progress,,,,,
Factor Analysis Reveals Student Thinking using the Mechanics Reasoning Inventory,2017,WIP,Work in Progress,,,,,
Formal Forum Triage: Towards the Strategic Selection of Responses to Student Discussion Forums,2017,WIP,Work in Progress,,,,,
Generating Language Activities in Real-Time for English Learners using Language Muse,2017,WIP,Work in Progress,,,,,
"Getting to Know English Language Learners in MOOCs: Their Motivations, Behaviors, and Outcomes",2017,WIP,Work in Progress,,,,,
Google BigQuery for Education: Framework for Parsing and Analyzing edX MOOC Data,2017,WIP,Work in Progress,,,,,
"Gradescope: A Fast, Flexible, and Fair System for Scalable Assessment of Handwritten Work",2017,Full Paper,Feedback for Improving Learning,,,,,
Humans and Machines Together: Improving Characterization of Large Scale Online Discussions through Dynamic Interrelated Post and Thread Categorization (DIPTiC),2017,WIP,Work in Progress,,,,,
Improving Assessment on MOOCs Through Peer Identification and Aligned Incentives,2017,WIP,Work in Progress,,,,,
In-Video Reuse of Discussion Threads in MOOCs,2017,WIP,Work in Progress,,,,,
Incorporating Rich Features into Deep Knowledge Tracing,2017,WIP,Work in Progress,,,,,
Intelligent Math Tutor: Problem-Based Approach to Create Cognizance,2017,WIP,Work in Progress,,,,,
Learning about Learning at Scale: Methodological Challenges and Recommendations,2017,Full Paper,Experimentation,,,,,
Learning to Code in Localized Programming Languages,2017,Full Paper,Learn to Code,,,,,
Long-Term Peer Reviewing Effort is Anti-Reciprocal,2017,WIP,Work in Progress,,,,,
MOOC Dropout Prediction: How to Measure Accuracy?  161-164,2017,WIP,Work in Progress,,,,,
MOOClets: A Framework for Dynamic Experimentation and Personalization,2017,WIP,Work in Progress,,,,,
Mobilizing the Crowd to Create an Open Repository of Research Talks,2017,WIP,Work in Progress,,,,,
Modeling MOOC Student Behavior With Two-Layer Hidden Markov Models,2017,WIP,Work in Progress,,,,,
Observing Personalizations in Learning: Identifying Heterogeneous Treatment Effects Using Causal Trees,2017,WIP,Work in Progress,,,,,
One Decision Tree is Enough to Make Customization,2017,WIP,Work in Progress,,,,,
Orchestration Graphs: Enabling Rich Social Pedagogical Scenarios in MOOCs,2017,WIP,Work in Progress,,,,,
"Pass the Idea Please: The Relationship between Network Position, Direct Engagement, and Course Performance in MOOCs",2017,WIP,Work in Progress,,,,,
Preventing Keystroke Based Identification in Open Data Sets,2017,Full Paper,Integrity of Courses and Learners,,,,,
ProjectLens: Supporting Project-based Collaborative Learning on MOOCs,2017,WIP,Work in Progress,,,,,
Robust Evaluation Matrix: Towards a More Principled Offline Exploration of Instructional Policies,2017,Full Paper,Engineering Learning Environments,,,,,
Scaling Expert Feedback: Two Case Studies,2017,Full Paper,Feedback for Improving Learning,,,,,
Suggesting a Log-Based Creativity Measurement for Online Programming Learning Environment,2017,WIP,Work in Progress,,,,,
Taking Informed Action on Student Activity in MOOCs,2017,WIP,Work in Progress,,,,,
Teaching Students to Recognize and Implement Good Coding Style,2017,Full Paper,Learn to Code,,,,,
"Teamscope: Scalable Team Evaluation via Automated Metric Mining for Communication, Organization, Execution, and Evolution",2017,WIP,Work in Progress,,,,,
The Changing Patterns of MOOC Discourse,2017,WIP,Work in Progress,,,,,
Towards Equal Opportunities in MOOCs: Affirmation Reduces Gender & Social-Class Achievement Gaps in China,2017,Full Paper,Experimentation,,,,,
Using Student Annotated Hashtags and Emojis to Collect Nuanced Affective States,2017,WIP,Work in Progress,,,,,
What are the Expectations of Disabled Learners when Participating in a MOOC?  225-228,2017,WIP,Work in Progress,,,,,
Writing Reusable Code Feedback at Scale with Mixed-Initiative Program Synthesis,2017,Full Paper,Feedback for Improving Learning,,,,,
(A)I Will Teach You to Play Gomoku: Exploring the Use of Game AI to Teach People,2022,WIP,Work in Progress,,,,,
A Blended-Learning Program for Implementing a Rigorous Machine-Learning Curriculum in High-Schools,2022,WIP,Work in Progress,,,,,
A Chatbot-Server Framework for Scalable Machine Learning Education through Crowdsourced Data,2022,WIP,Work in Progress,,,,,
A Study about Future Prospects of JupyterHub in MOOCs,2022,WIP,Work in Progress,,,,,
Adding a Demographic Lens to Cluster Analysis of Participants in Entry-level Massive Open Online Courses (MOOCs),2022,WIP,Work in Progress,,,,,
Advancing the Democratization of Research: Citizen Science,2022,WIP,Work in Progress,,,,,
Amazon Alexa Skills as a Novel Modality for In-service Professional Micro-Development (WIP),2022,WIP,Work in Progress,,,,,
An Examination of Unofficial Course Reviews in a Graduate Program at Scale,2022,WIP,Work in Progress,,,,,
"Analysis of the Applicability of General Scaling Laws on Course Size, Completion Rates, and Forum Activity in MOOCs",2022,WIP,Work in Progress,,,,,
BlockLens: Visual Analytics of Student Coding Behaviors in Block-Based Programming Environments,2022,WIP,Work in Progress,,,,,
Challenges of Scaling Programming-based Behavioral Metrics,2022,WIP,Work in Progress,,,,,
Collaboration at Scale: Exploring Member Role Changing Patterns in Collaborative Science Problem-solving Tasks,2022,WIP,Work in Progress,,,,,
Collaborative Annotation: Links to Formative Assessment and Issues of Scale for Pedagogy,2022,WIP,Work in Progress,,,,,
Comparing MOOC Learners Engagement with Japanese Videos and Text to Speech Generated English Videos,2022,WIP,Work in Progress,,,,,
Developing Student's Global Competencies at Scale in an Affordable MOOC K12 Outreach Initiative,2022,WIP,Work in Progress,,,,,
Discrimination of Automatically Generated Questions Used as Formative Practice,2022,WIP,Work in Progress,,,,,
EdTech and Girls Education in Low- and Middle-Income Countries: Which Intervention Types Have the Greatest Impact on Learning Outcomes for Girls?  330-334,2022,WIP,Work in Progress,,,,,
Effects of Framing Professional Development as a Career Growth Opportunity on Course Completion,2022,WIP,Work in Progress,,,,,
Exploring the Relationships between Social and Teaching Presence in Video-based Informal Learning Using Network Analysis,2022,WIP,Work in Progress,,,,,
How COVID-19 Affected Computer Science MOOC Learner Behavior and Achievements: A Demographic Study,2022,WIP,Work in Progress,,,,,
How Much and for Whom?: A Multi-Wave Study of the Impact of Self-Regulated Learning Scaffolds on MOOC Student Academic Performance,2022,WIP,Work in Progress,,,,,
Incorporating Explainable Learning Analytics to Assist Educators with Identifying Students in Need of Attention,2022,WIP,Work in Progress,,,,,
Influential Text-Based Features in Predicting Admission Status of Online Degree Applicants,2022,WIP,Work in Progress,,,,,
Integrating Dynamic Supports into an Equity Teaching Simulation to Promote Equity Mindsets,2022,WIP,Work in Progress,,,,,
LEDA: A Learning Analytics Based Framework to Analyze Remote Labs Interaction,2022,WIP,Work in Progress,,,,,
Large-scale Analysis of Discussion Networks in College Courses,2022,WIP,Work in Progress,,,,,
Laugh at Your Own Pace: Basic Performance Evaluation of Language Learning Assistance by Adjustment of Video Playback Speeds Based on Laughter Detection,2022,WIP,Work in Progress,,,,,
Learning Alone Yet Together: Enhancing Between-Learner Social Connectivity at Scale,2022,WIP,Work in Progress,,,,,
Math Discourse Linguistic Components (Cohesive Cues within a Math Discussion Board Discourse),2022,WIP,Work in Progress,,,,,
Measuring Cultural Dimensions of Learning in Online Courses,2022,WIP,Work in Progress,,,,,
Providing Individual Student Feedback at Scale for Mathematical Disciplines,2022,WIP,Work in Progress,,,,,
Re-envisioning a K-12 Early Warning System with School Climate Factors,2022,WIP,Work in Progress,,,,,
Revealing Factors Influencing Students' Perceived Fairness: A Case with a Predictive System for Math Learning,2022,WIP,Work in Progress,,,,,
Scaling Up Access to the Hidden Curriculum: A Design Methodology for Creating Undergraduate Mentoring Guides,2022,WIP,Work in Progress,,,,,
Seeking Exemplars in the Wild: Exploring How Students Find Design Examples to Support Personalized Learning,2022,WIP,Work in Progress,,,,,
Student Use of Course Reviews at Scale,2022,WIP,Work in Progress,,,,,
Teaching and Learning Programming with Linux using In-Browser Client-Side Web Technologies: Exploring the Key Features for Achieving Systems and Tools Scalability,2022,WIP,Work in Progress,,,,,
The Relationship Between COVID-19 Severity and Computer Science MOOC Learner Achievement: A Preliminary Analysis,2022,WIP,Work in Progress,,,,,
Towards a Teacher Application to Support Semantic Annotations of Learning Tasks in Cultural Heritage,2022,WIP,Work in Progress,,,,,
Understanding the Relationship Between Students' Learning Outcome and Behavioral Patterns using Touch Trajectories,2022,WIP,Work in Progress,,,,,
Using Chatbots to Teach Languages,2022,WIP,Work in Progress,,,,,
Using a Planning Prompt Survey to Encourage Early Completion of Homework Assignments,2022,WIP,Work in Progress,,,,,
Where are the Large N Studies in Education?: Introducing a Dataset of Scientific Articles and NLP Techniques,2022,WIP,Work in Progress,,,,,
Replicating MOOC Predictive Models at Scale,2018,Full Paper,NA,,,,,
"Students, Systems, and Interactions: Synthesizing the First Four Years of Learning@Scale and Charting the Future",2018,Full Paper,NA,,,,,
The Potential for Scientific Outreach and Learning in Mechanical Turk Experiments,2018,Full Paper,NA,,,,,
Toward Large-Scale Learning Design Categorizing Course Designs in Service of Supporting Learning Outcomes,2018,Full Paper,NA,,,,,
Addressing Two Problems in Deep Knowledge Tracing via Prediction-Consistent Regularization,2018,Full Paper,NA,,,,,
The Effects of Adaptive Learning in a Massive Open Online Course on Learners’ Skill Development,2018,Full Paper,NA,,,,,
QG-Net: A Data-Driven Question Generation Model for Educational Content,2018,Full Paper,NA,,,,,
Towards Domain General Detection of Transactive Knowledge Building Behavior,2018,Full Paper,NA,,,,,
Docent: Transforming personal intuitions to scientific hypotheses through content learning and process training,2018,Full Paper,NA,,,,,
Supporting Answerers with Feedback in Social Q&A,2018,Full Paper,NA,,,,,
Refocusing the Lens on Engagement in MOOCs,2018,Full Paper,NA,,,,,
"The Relationship between Scientific Explanations and the Proficiencies of Content, Inquiry, and Writing",2018,Full Paper,NA,,,,,
Classifying and Visualizing Students’ Cognitive Engagement in Course Readings,2018,Full Paper,NA,,,,,
Squeezing the Limeade: Policies and Workflows for Scalable Online Degrees,2018,Full Paper,NA,,,,,
How Do Professors Format Exams? An Analysis of Question Variety at Scale,2018,Full Paper,NA,,,,,
OARS: Exploring Instructor Analytics for Online Learning,2018,Full Paper,NA,,,,,
The Potential of Interdisciplinarity in MOOC Research: How Do Education and Computer Science Intersect?,2018,Full Paper,NA,,,,,
Codemotion: Expanding the Design Space of Learner Interactions with Computer Programming Tutorial Videos,2018,Full Paper,NA,,,,,
Elicast: Embedding Interactive Exercises in Instructional Programming Screencasts,2018,Full Paper,NA,,,,,
Toward CS1 at Scale: Building and Testing a MOOC-for-Credit Candidate,2018,Full Paper,NA,,,,,
Effects of Automated Interventions in Programming Assignments: Evidence from a Field Experiment,2018,Full Paper,NA,,,,,
The unbearable lightness of consent: Mapping MOOC providers’ response to consent,2018,Full Paper,NA,,,,,
How Much Randomization is Needed to Deter Collaborative Cheating on Asynchronous Exams?,2018,Full Paper,NA,,,,,
How a data-driven course planning tool affects college students’ GPA: Evidence from two field experiments,2018,Full Paper,NA,,,,,
Toward a Large-Scale Open Learning System for Data Management,2018,Short Paper - WIP mentioned,,,,,,
A Content Engagement Score for Online Learning Platforms,2018,Short Paper - WIP mentioned,,,,,,
Use expert knowledge instead of data – generating hints for Hour of Code exercises –,2018,Short Paper - WIP mentioned,,,,,,
The Impact of the Peer Review Process Evolution on Learner Performance in e-Learning Environments,2018,Short Paper - WIP mentioned,,,,,,
Virtualizing face-2-face trainings for training senior professionals: A Comparative Case Study on Financial Auditors,2018,Short Paper - Progress mentioned,,,,,,
Student Trust in e-Authentication,2018,Short Paper - WIP mentioned,,,,,,
Information Overload and Online Collaborative Learning: Insights from Agent-Based Modeling,2018,Short Paper - WIP mentioned,,,,,,
Designing a Learning Analytics Dashboard for Twitter facilitated Teaching,2018,Short Paper - WIP mentioned,,,,,,
Grading at Scale in EarSketch,2018,Short Paper - WIP mentioned,,,,,,
Transformative approaches in distance online education: aligning evidence to influence the design of teaching at scale,2018,Short Paper - WIP mentioned,,,,,,
Start of a Science: An Epistemological Analysis of Learning at Scale,2019,Full Paper,Broader Issues,,,,,
Can a diversity statement increase diversity in MOOCs?,2019,Full Paper,Broader Issues,,,,,
Multiplatform MOOC Analytics: Comparing Global and Regional Patterns in edX and Edraak,2019,Full Paper,Broader Issues,,,,,
On the Acceptance and Usefulness of Personalized Learning Objectives in MOOCs,2019,Full Paper,Broader Issues,,,,,
Graded Team Assignments in MOOCs - Effects of Team Composition and Further Factors on Team Dropout Rates and Performance,2019,Full Paper,Engagement,,,,,
How Learners Engage with In-Context Retrieval Exercises in Online Informational Videos,2019,Full Paper,Engagement,,,,,
"Instructors Desire Student Activity, Literacy, and Video Quality Analytics to Improve Video-based Blended Courses",2019,Full Paper,Engagement,,,,,
Growth Mindset Predicts Student Achievement and Behavior in Mobile Learning,2019,Full Paper,Engagement,,,,,
Improv: Teaching Programming at Scale via Live Coding,2019,Full Paper,Domain Specific,,,,,
Scaffolding during Science Inquiry,2019,Full Paper,Domain Specific,,,,,
Teaching UI Design at Global Scales: A Case Study of the Design of Collaborative Capstone Projects for MOOCs,2019,Full Paper,Domain Specific,,,,,
Inequality: multi-modal equation entry on the web,2019,Full Paper,Domain Specific,,,,,
Automatic Assessment of Complex Assignments using Topic Models,2019,Full Paper,Assessment,,,,,
Designing Digital Peer Assessment for Second Language Learning in Low Resource Learning Settings,2019,Full Paper,Assessment,,,,,
Mining Students Pre-instruction Beliefs for Improved Learning,2019,Full Paper,Assessment,,,,,
Scaling Up Writing in the Curriculum: Batch Mode Active Learning for Automated Essay Scoring,2019,Full Paper,Assessment,,,,,
UpGrade: Sourcing Student Open-Ended Solutions to Create Scalable Learning Opportunities,2019,Full Paper,Learning Support,,,,,
Two views of scale: Design Principles for Scaling Reach and Empowerment,2019,Full Paper,Learning Support,,,,,
Apples to Apples: Differences in Viewer Retention When Longer Content is Chopped into Smaller Bites,2019,Full Paper,Learning Support,,,,,
Key Phrase Extraction for Generating Educational Question-Answer Pairs,2019,Full Paper,Learning Support,,,,,
Master’s at Scale: Five Years in a Scalable Online Graduate Degree,2019,Full Paper,L@S Perspectives,,,,,
Data-Assistive Course-to-Course Articulation Using Machine Translation,2019,Full Paper,L@S Perspectives,,,,,
Via: Illuminating Academic Pathways at Scale,2019,Full Paper,L@S Perspectives,,,,,
Predict and Intervene: Addressing the Dropout Problem in a MOOC-based Program,2019,Full Paper,L@S Perspectives,,,,,
Chimeria:Grayscale MOOC: Towards Critical Self-Reflection at Scale,2019,WIP,,,,,,
Measuring Students’ Performance on Programming Tasks,2019,WIP,,,,,,
Informing the Design of Collaborative Activities in MOOCs using Actionable Predictions,2019,WIP,,,,,,
Measuring Difficulty of Introductory Programming Tasks,2019,WIP,,,,,,
Inquiry learning at scale: pedagogy-informed design of a platform for citizen inquiry,2019,WIP,,,,,,
BookBuddy: Turning Digital Materials Into Interactive Foreign Language Lessons Through a Voice Chatbot,2019,WIP,,,,,,
Creating a Framework for User-Centered Development and Improvement of Digital Education,2019,WIP,,,,,,
Leveraging Skill Hierarchy for Multi-Level Modeling with Elo Rating System,2019,WIP,,,,,,
Student Code Trajectories in an Introductory Programming MOOC,2019,WIP,,,,,,
Predicting the difficulty of automatic item generators on exams from their difficulty on homeworks,2019,WIP,,,,,,
Pilot Study to Estimate “Difficult” Area in e-Learning Material by Physiological Measurements,2019,WIP,,,,,,
Semantic Matching Evaluation of User Responses to Electronics Questions in AutoTutor,2019,WIP,,,,,,
Proposal and Implementation of an Elderly-oriented User Interface for Learning Support Systems,2019,WIP,,,,,,
Implementing Learning Analytics to Foster a STEM Learning Ecosystem at the City-Level: Emerging Research and Design Challenges,2019,WIP,,,,,,
On the Influence of Grades on Learning Behavior of Students in MOOCs,2019,WIP,,,,,,
Synchronous at Scale: Investigation and Implementation of a Semi-Synchronous Online Lecture Platform,2019,WIP,,,,,,
Impact of Free-Certificate Coupons on Learner Behavior in Online Courses: Results from Two Case Studies,2019,WIP,,,,,,
Guided-KNOWLA: The Use of Guided Unscrambling to Enhance Active Online Learning,2019,WIP,,,,,,
An Automated Feedback System to Support Student Learning in Writing-to-Learn Activities,2019,WIP,,,,,,
automaTA: Human-Machine Interaction for Answering Context-Specific Questions,2019,WIP,,,,,,
What do students at distance universities think about AI?,2019,WIP,,,,,,
Peer Advising at Scale: Content and Context of a LearnerOwned Course Evaluation System,2019,WIP,,,,,,
Towards Improving Students’ Forum Posts Categorization in MOOCs and Impact on Performance Prediction,2019,WIP,,,,,,
PARQR: Augmenting the Piazza Online Forum to Better Support Degree Seeking Online Masters Students,2019,WIP,,,,,,
Causal Inference in Higher Education: Building Better Curriculums,2019,WIP,,,,,,
Investigating Learning Design Categorization and Learning Behaviour in Computational MOOCS,2019,WIP,,,,,,
LiveDataLab: A Cloud-Based Platform to Facilitate Hands-on Data Science Education at Scale,2019,WIP,,,,,,
Jack Watson: Addressing Contract Cheating at Scale in Online Computer Science Education,2019,WIP,,,,,,
Developing an Intervention to Advance Learning At Scale,2019,WIP,,,,,,
Web of Slides: Automatic Linking of Lecture Slides to Facilitate Navigation,2019,WIP,,,,,,
WOSView Demo: A Tool to Explore the Web of Slides,2019,WIP,,,,,,
Teaching C Programming Interactively at Scale Using Taskgrader: an Open-source Autograder Tool.,2019,WIP,,,,,,
Supporting Instruction of Formulaic Sequences Using Videos at Scale,2019,WIP,,,,,,
Achievements for building a learning community,2019,WIP,,,,,,
Investigating the Impact of Skill-Related Videos on Online Learning,2023,Full Paper,Assessment @ Scale,,,,,
LENS: Predictive Diagnostics for Flexible and Efficient Assessments,2023,Full Paper,Assessment @ Scale,,,,,
Crowdsourcing the Evaluation of Multiple-Choice Questions Using Item-Writing Flaws and Bloom’s Taxonomy,2023,Full Paper,Assessment @ Scale,,,,,
All A-board: Sharing Educational Data Science Research With School Districts,2023,Full Paper,Fairness and Equity @ Scale,,,,,
Assessing the Fairness of Course Success Prediction Models in the Face of (Un)equal Demographic Group Distribution,2023,Full Paper,Fairness and Equity @ Scale,,,,,
M-Powering Teachers: Natural Language Processing Powered Feedback Improves 1:1 Instruction and Student Outcomes,2023,Full Paper,Feedback @ Scale,,,,,
How Common are Common Wrong Answers? Crowdsourcing Remediation at Scale,2023,Full Paper,Feedback @ Scale,,,,,
High-Resolution Course Feedback: Timely Feedback Mechanism for Instructors,2023,Full Paper,Feedback @ Scale,,,,,
From Answering for Points to Commenting for Others An Examination of the Posting Behaviors of High-reputation-score Users of Stack Overflow,2023,Full Paper,Informal Learning @ Scale,,,,,
The Relevance of Ivan Illich’s Learning Webs 50 Years On,2023,Full Paper,Informal Learning @ Scale,,,,,
Exploring Students’ Perceptions and Engagement in Hybrid Flexible Courses,2023,Full Paper,Instruction @ Scale,,,,,
Managing TAs at Scale: Investigating the Experiences of Teaching Assistants in Introductory Computer Science,2023,Full Paper,Instruction @ Scale,,,,,
"How Learning Experience Designers Make Design Decisions: The Role of Data, the Reliance on Subject Matter Expertise, and the Opportunities for Data-Driven Support",2023,Full Paper,Instruction @ Scale,,,,,
Teaching at Scale and Back Again,2023,Full Paper,Instruction @ Scale,,,,,
How Teachers Influence Student Adoption and Effectiveness of a Recommendation System for Algebra,2023,Full Paper,Instruction @ Scale,,,,,
Benefit of Gamification for Persistent Learners: Propensity to Replay Problems Moderates Algebra-Game Effectiveness,2023,Full Paper,Instruction @ Scale,,,,,
How to Open Science: Analyzing the Open Science Statement Compliance of the Learning @ Scale Conference,2023,Full Paper,Open Science @ Scale,,,,,
Exploring Cross-Country Prediction Model Generalizability in MOOCs,2023,Full Paper,Prediction @ Scale,,,,,
Evaluating a Learned Admission-Prediction Model as a Replacement for Standardized Tests in College Admissions,2023,Full Paper,Prediction @ Scale,,,,,
EliRank: A Code Editing History Based Ranking Model for Early Detection of Students in Need,2023,Full Paper,Prediction @ Scale,,,,,
Convincing the Expert: Reducing Algorithm Aversion in Administrative Higher Education Decision-making,2023,Full Paper,Systems and tools @ Scale,,,,,
GPTeach: Interactive TA Training with GPT-based Students,2023,Full Paper,Systems and tools @ Scale,,,,,
Supporting Online Collaborative Work at Scale: A Mixed-Methods Study of a Learning Analytics Tool,2023,Full Paper,Systems and tools @ Scale,,,,,
A Novel Approach for Knowledge State Representation and Prediction,2020,Full Paper,Work-in-Progress/Demonstration Session,,,,,
A Quantitative Analysis of When Students Choose to Grade Questions on Computerized Exams with Multiple Attempts,2020,Full Paper,Work-in-Progress/Demonstration Session,,,,,
Adaptive Learning using Finite State Machine Logic,2020,Full Paper,Work-in-Progress/Demonstration Session,,,,,
Affordable Degrees at Scale: New Phenomenon or New Hype?  25-35,2020,Full Paper,Session 1,,,,,
AlgoPlan: Supporting Planning in Algorithmic Problem-Solving with Subgoal Diagrams,2020,Full Paper,Work-in-Progress/Demonstration Session,,,,,
An Evidence-Based Learner Model for Supporting Activities in Robotics,2020,Full Paper,Work-in-Progress/Demonstration Session,,,,,
Analysis of Grading Times of Short Answer Questions,2020,Full Paper,Work-in-Progress/Demonstration Session,,,,,
Analyzing K-12 Blended MOOC Learning Behaviors,2020,Full Paper,Work-in-Progress/Demonstration Session,,,,,
Analyzing Pre-Existing Knowledge and Performance in a Programming MOOC,2020,Full Paper,Work-in-Progress/Demonstration Session,,,,,
Artificial Intelligence for Video-based Learning at Scale,2020,Full Paper,Workshops,,,,,
Automated Generation of Learning Paths at Scale,2020,Full Paper,Work-in-Progress/Demonstration Session,,,,,
Automatic RNN Cell Design for Knowledge Tracing using Reinforcement Learning,2020,Full Paper,Work-in-Progress/Demonstration Session,,,,,
BELT: Bluejeans codE Leak deTection,2020,Full Paper,Work-in-Progress/Demonstration Session,,,,,
Building an Infrastructure for Computer Science Education Research and Practice at Scale,2020,Full Paper,Workshops,,,,,
Challenges of Online Learning in Nigeria,2020,Full Paper,Work-in-Progress/Demonstration Session,,,,,
Characterizing Teacher Connections in Online Social Media: A Case Study on Pinterest,2020,Full Paper,Work-in-Progress/Demonstration Session,,,,,
Co-Teaching Computer Science Across Borders: Human-Centric Learning at Scale,2020,Full Paper,Session 3,,,,,
Code Free Chatbot Development: An Easy Way to Jumpstart Your Chatbot!  233-235,2020,Full Paper,Workshops,,,,,
Cold Start Knowledge Tracing with Attentive Neural Turing Machine,2020,Full Paper,Work-in-Progress/Demonstration Session,,,,,
Content Type Distribution and Readability of MOOCs,2020,Full Paper,Work-in-Progress/Demonstration Session,,,,,
Designing Inclusive Learning Environments,2020,Full Paper,Workshops,,,,,
Detecting Contract Cheaters in Online Programming Classes with Keystroke Dynamics,2020,Full Paper,Work-in-Progress/Demonstration Session,,,,,
"Developing Digital Clinical Simulations for Large-Scale Settings on Diversity, Equity, and Inclusion: Design Considerations for Effective Implementation at Scale",2020,Full Paper,Work-in-Progress/Demonstration Session,,,,,
"Differential Assessment, Differential Benefit: Four-year Problem Roulette Analysis of STEM Practice Study",2020,Full Paper,Work-in-Progress/Demonstration Session,,,,,
Effectiveness of Crowd-Sourcing On-Demand Assistance from Teachers in Online Learning Platforms,2020,Full Paper,Session 3,,,,,
Evaluating Bayesian Knowledge Tracing for Estimating Learner Proficiency and Guiding Learner Behavior,2020,Full Paper,Work-in-Progress/Demonstration Session,,,,,
Examinator: A Plagiarism Detection Tool for Take-Home Exams,2020,Full Paper,Work-in-Progress/Demonstration Session,,,,,
Examining Sources of Variation in Student Confusion in College Classes,2020,Full Paper,Work-in-Progress/Demonstration Session,,,,,
Explanation Mining,2020,Full Paper,Work-in-Progress/Demonstration Session,,,,,
Guidance on How Learning at Scale Can be Made More Accessible,2020,Full Paper,Work-in-Progress/Demonstration Session,,,,,
Have Your Tickets Ready! Impede Free Riding in Large Scale Team Assignments,2020,Full Paper,Work-in-Progress/Demonstration Session,,,,,
Human Languages in Source Code: Auto-Translation for Localized Instruction,2020,Full Paper,Session 5,,,,,
Identifying Preparatory Courses that Predict Student Success in Quantitative Subjects,2020,Full Paper,Work-in-Progress/Demonstration Session,,,,,
Inferring Creativity in Visual Programming Environments,2020,Full Paper,Work-in-Progress/Demonstration Session,,,,,
Informal Learning Communities: The Other Massive Open Online 'C',2020,Full Paper,Session 3,,,,,
Interpretable Models Do Not Compromise Accuracy or Fairness in Predicting College Success,2020,Full Paper,Work-in-Progress/Demonstration Session,,,,,
Interpretable Personalized Knowledge Tracing and Next Learning Activity Recommendation,2020,Full Paper,Work-in-Progress/Demonstration Session,,,,,
Introducing Alexa for E-learning,2020,Full Paper,Work-in-Progress/Demonstration Session,,,,,
Learnersourcing at Scale to Overcome Expert Blind Spots for Introductory Programming: A Three-Year Deployment Study on the Python Tutor Website,2020,Full Paper,Work-in-Progress/Demonstration Session,,,,,
Learning Analytics Dashboard for Problem-based Learning,2020,Full Paper,Work-in-Progress/Demonstration Session,,,,,
Learning Engineering @ Scale,2020,Full Paper,Workshops,,,,,
Learning to Cheat: Quantifying Changes in Score Advantage of Unproctored Assessments Over Time,2020,Full Paper,Session 5,,,,,
Leveraging Book Indexes for Automatic Extraction of Concepts in MOOCs,2020,Full Paper,Work-in-Progress/Demonstration Session,,,,,
Locabulary: A Context Sensitive Mixed Reality Flashcard Alternative for Second Language Learning,2020,Full Paper,Work-in-Progress/Demonstration Session,,,,,
Open PISA: Dashboard for Large Educational Dataset,2020,Full Paper,Work-in-Progress/Demonstration Session,,,,,
PARQR: Automatic Post Suggestion in the Piazza Online Forum to Support Degree Seeking Online Masters Students,2020,Full Paper,Session 3,,,,,
Peripheral and Semi-Peripheral Community: A New Design Challenge for Learning at Scale,2020,Full Paper,Work-in-Progress/Demonstration Session,,,,,
Pixasso: A Development Stage-Based Learning Application for Children,2020,Full Paper,Work-in-Progress/Demonstration Session,,,,,
Predicting Applicant Admission Status for Georgia Tech's Online Master's in Analytics Program,2020,Full Paper,Work-in-Progress/Demonstration Session,,,,,
SAGA: Curricula Optimization,2020,Full Paper,Work-in-Progress/Demonstration Session,,,,,
Sensing Affect to Empower Students: Learner Perspectives on Affect-Sensitive Technology in Large Educational Contexts,2020,Full Paper,Session 2,,,,,
Student Engagement in Mobile Learning via Text Message,2020,Full Paper,Session 4,,,,,
Students' Achievement of Personalized Learning Objectives in MOOCs,2020,Full Paper,Session 4,,,,,
Studying Retrieval Practice in an Intelligent Tutoring System,2020,Full Paper,Session 2,,,,,
Supporting Learners' Self-regulation in LMOOCs: What Have We Done and How Far We Can Go?  207-209,2020,Full Paper,Workshops,,,,,
The Effect of Informing Agency in Self-Directed Online Learning Environments,2020,Full Paper,Session 2,,,,,
The Effectiveness of Multiple-Choice Type Flashcards for the Identification of Fish Species,2020,Full Paper,Work-in-Progress/Demonstration Session,,,,,
"The Role of Self-Regulated Learning in the Design, Implementation, and Evaluation of Learning Analytics Dashboards",2020,Full Paper,Work-in-Progress/Demonstration Session,,,,,
The Synchronicity Paradox in Online Education,2020,Full Paper,Session 1,,,,,
Toward Learning at Scale in Developing Countries: Lessons from the Global Learning XPRIZE Field Study,2020,Full Paper,Session 5,,,,,
Towards Crowdsourcing the Identification of Knowledge Components,2020,Full Paper,Work-in-Progress/Demonstration Session,,,,,
Towards Scalable Gamified Assessment in Support of Collaborative Problem-Solving Competency Development in Online and Blended Learning,2020,Full Paper,Work-in-Progress/Demonstration Session,,,,,
"Towards an Appropriate Query, Key, and Value Computation for Knowledge Tracing",2020,Full Paper,Work-in-Progress/Demonstration Session,,,,,
"Two Stances, Three Genres, and Four Intractable Dilemmas for the Future of Learning at Scale",2020,Full Paper,Session 1,,,,,
Understanding Learner Behavior Through Learning Design Informed Learning Analytics,2020,Full Paper,Session 4,,,,,
Understanding Reading Behaviors of Middle School Students,2020,Full Paper,Work-in-Progress/Demonstration Session,,,,,
Understanding Student Experience: A Pathways Model,2020,Full Paper,Work-in-Progress/Demonstration Session,,,,,
Understanding the Implications of the Use of Intelligent Tutoring Systems in Driver Training,2020,Full Paper,Work-in-Progress/Demonstration Session,,,,,
Using Google Search Trends to Estimate Global Patterns in Learning,2020,Full Paper,Session 5,,,,,
"Using Information Visualization to Promote Students' Reflection on ""Gaming the System"" in Online Learning",2020,Full Paper,Session 2,,,,,
Where's the Learning in Education Crowdsourcing?  305-308,2020,Full Paper,Work-in-Progress/Demonstration Session,,,,,
Workshop Proposal: Educational A/B Testing at Scale,2020,Full Paper,Workshops,,,,,
nQuire: Citizens Acting as Scientists in Massive Open Online Learning,2020,Full Paper,Work-in-Progress/Demonstration Session,,,,,
A Machine Learning Approach for Suggesting Feedback in Textual Exercises in Large Courses,2021,Full Paper,L@Scale 4: Perspectives from Europe and US,,,,,
A Novel Framework for Discovering Cognitive Models of Learning,2021,Full Paper,Works-in-Progress,,,,,
Analyzing Patterns in Student SQL Solutions via Levenshtein Edit Distance,2021,Full Paper,Works-in-Progress,,,,,
Analyzing Student Reflection Sentiments and Problem-Solving Procedures in MOOCs,2021,Full Paper,Works-in-Progress,,,,,
Applying the Behavior Change Technique Taxonomy from Public Health Interventions to Educational Research,2021,Full Paper,L@Scale 5: Perspectives from US East Coast,,,,,
Assessing Function Names and Quantifying the Relationship Between Identifiers and Their Functionality to Improve Them,2021,Full Paper,Works-in-Progress,,,,,
Automating the Assessment of Problem-solving Practices Using Log Data and Data Mining Techniques,2021,Full Paper,L@Scale 2: Perspectives from US West Coast,,,,,
Blending Peer Instruction with Just-In-Time Teaching: Jointly Optimal Task Scheduling with Feedback for Classroom Flipping,2021,Full Paper,L@Scale 3: Perspectives from Oceania,,,,,
Can Feedback based on Predictive Data Improve Learners' Passing Rates in MOOCs? A Preliminary Analysis,2021,Full Paper,Works-in-Progress,,,,,
Characterizing Amateur Tutoring Behavior on a Large Online Learning Platform,2021,Full Paper,Works-in-Progress,,,,,
Classification of Discussions in MOOC Forums: An Incremental Modeling Approach,2021,Full Paper,L@Scale 4: Perspectives from Europe and US,,,,,
Combining Collaborative Reflection based on Worked-Out Examples with Problem-Solving Practice: Designing Collaborative Programming Projects for Learning at Scale,2021,Full Paper,Works-in-Progress,,,,,
Comparative Analysis of the Feature Extraction Approaches for Predicting Learners Progress in Online Courses: MicroMasters Credential versus Traditional MOOCs,2021,Full Paper,L@Scale 4: Perspectives from Europe and US,,,,,
Components of Assessments and Grading At Scale,2021,Full Paper,Works-in-Progress,,,,,
Content-Neutral Immersive Environments for Cultivating Scalable Camaraderie,2021,Full Paper,L@Scale 1: Perspectives from North America,,,,,
Data-informed Decision-making in TEFA Processes: An Empirical Study of a Process Derived from Peer-Instruction,2021,Full Paper,Works-in-Progress,,,,,
"Domain Experts' Interpretations of Assessment Bias in a Scaled, Online Computer Science Curriculum",2021,Full Paper,L@Scale 2: Perspectives from US West Coast,,,,,
Employing Peer Review to Evaluate the Quality of Student Generated Content at Scale: A Trust Propagation Approach,2021,Full Paper,L@Scale 3: Perspectives from Oceania,,,,,
Examining the Effects of Student Participation and Performance on the Quality of Learnersourcing Multiple-Choice Questions,2021,Full Paper,L@Scale 5: Perspectives from US East Coast,,,,,
Experimental Design of Learning Analysis Dashboards for Teachers and Learners,2021,Full Paper,Works-in-Progress,,,,,
Exploring Additional Personalized Support While Attempting Exercise Problems in Online Learning Platforms,2021,Full Paper,Works-in-Progress,,,,,
Exploring Design Choices in Data-driven Hints for Python Programming Homework,2021,Full Paper,Works-in-Progress,,,,,
Forecasting Undergraduate Majors Using Academic Transcript Data,2021,Full Paper,Works-in-Progress,,,,,
Generating Response-Specific Elaborated Feedback Using Long-Form Neural Question Answering,2021,Full Paper,L@Scale 1: Perspectives from North America,,,,,
How Online Learners Build Cognitive Presence: Implications from a Machine Learning Approach,2021,Full Paper,Works-in-Progress,,,,,
Impact of Contextual Tips for Auto-Gradable Programming Exercises in MOOCs,2021,Full Paper,Works-in-Progress,,,,,
Introducing Data Wrangling using Graphical Subgoals - Findings from an e-Learning Study,2021,Full Paper,Works-in-Progress,,,,,
JackMarker with GitDown: A Framework to Counter Plagiarism at Scale,2021,Full Paper,Works-in-Progress,,,,,
Knowledge Sharing in Tension: Interacting and Documenting on Stack Overflow,2021,Full Paper,Works-in-Progress,,,,,
"Learning Analytics Dashboard Research Has Neglected Diversity, Equity and Inclusion",2021,Full Paper,Works-in-Progress,,,,,
Learning Engineering @ Scale,2021,Full Paper,Workshops,,,,,
Modeling Temporal Association of Cognition-Topic in MOOC Discussion to Track Learners' Cognitive Engagement Dynamics,2021,Full Paper,Works-in-Progress,,,,,
Peer-Grading at Scale with Rank Aggregation,2021,Full Paper,Works-in-Progress,,,,,
Personalization at Scale: Making Learning Personally Relevant in a Climate Science MOOC,2021,Full Paper,Works-in-Progress,,,,,
Personalized Lecture Recommendations to Facilitate Bite-Sized Learning,2021,Full Paper,Works-in-Progress,,,,,
Re-Design Classroom into MOOC-like Content With Remote Face-to-Face Sessions During the COVID-19 Pandemic: A Case Study in Graduate School,2021,Full Paper,Works-in-Progress,,,,,
Scaling Up Data Science Course Projects: A Case Study,2021,Full Paper,Works-in-Progress,,,,,
Second Workshop on Educational A/B Testing at Scale,2021,Full Paper,Workshops,,,,,
"Setting up, Troubleshooting, and Innovating on the Delivery of Online Instruction: A Case Study of an LMS Q&A Forum",2021,Full Paper,L@Scale 2: Perspectives from US West Coast,,,,,
Should College Dropout Prediction Models Include Protected Attributes?  91-100,2021,Full Paper,L@Scale 2: Perspectives from US West Coast,,,,,
"Student Barriers to Active Learning in Synchronous Online Classes: Characterization, Reflections, and Suggestions",2021,Full Paper,L@Scale 3: Perspectives from Oceania,,,,,
Student Perceptions of Social Support in the Transition to Emergency Remote Instruction,2021,Full Paper,Works-in-Progress,,,,,
Teaching the Masses on Twitch: An Initial Exploration of Educational Live-Streaming,2021,Full Paper,Works-in-Progress,,,,,
The Impact of Mobile Learning on Students' Self-Test Behavior in MOOCs,2021,Full Paper,Works-in-Progress,,,,,
"The MOOClet Framework: Unifying Experimentation, Dynamic Improvement, and Personalization in Online Courses",2021,Full Paper,L@Scale 1: Perspectives from North America,,,,,
Toward Effective Courseware at Scale: Investigating Automatically Generated Questions as Formative Practice,2021,Full Paper,Works-in-Progress,,,,,
Toward Personalizing Students' Education with Crowdsourced Tutoring,2021,Full Paper,L@Scale 1: Perspectives from North America,,,,,
Toward Reshaping the Syllabus for Education at Scale,2021,Full Paper,Works-in-Progress,,,,,
Using Social Norms to Promote Actions Beyond the Course,2021,Full Paper,L@Scale 4: Perspectives from Europe and US,,,,,
What do I need to know? Designing Student Learning Tools that Aid Interaction with Recorded Lecture Content,2021,Full Paper,Works-in-Progress,,,,,
What's In It for the Learners? Evidence from a Randomized Field Experiment on Learnersourcing Questions in a MOOC,2021,Full Paper,L@Scale 5: Perspectives from US East Coast,,,,,
What's the Point? How Scores Undermine Written Comments on Open-Ended Work,2021,Full Paper,L@Scale 3: Perspectives from Oceania,,,,,
With or Without EU: Navigating GDPR Constraints in Human Subjects Research in an Education Environment,2021,Full Paper,Works-in-Progress,,,,,
A Machine Learning Approach for Understanding the Educational Foci and Technical Solutions of AIED,2023,Full Paper,Works-in-Progress,,,,,
A Scalable Architecture for Conducting A/B Experiments in Educational Settings,2023,Full Paper,Works-in-Progress,,,,,
Comb: Giving Feedback to Short Answer at Scale with Human-in-the-Loop Rubric Creation,2023,Full Paper,Works-in-Progress,,,,,
Detecting Learners' Hint Inquiry Behaviors in e-Learning Environment by using Facial Expressions,2023,Full Paper,Works-in-Progress,,,,,
Developing a Prototype to Scale up Digital Support for Online Assessment Design,2023,Full Paper,Works-in-Progress,,,,,
"Digital Access, Usage, and Educational Outcomes: Evidence from Vietnam",2023,Full Paper,Works-in-Progress,,,,,
Does STEM Success Start Young? Exploring Higher Ed Students' Early Academic Experiences in Science and Math at Scale,2023,Full Paper,Works-in-Progress,,,,,
Does the Availability of Reattempts and Video Solutions Affect Learners' Voluntary Engagement with Mastery Learning Activities?  421-425,2023,Full Paper,Works-in-Progress,,,,,
Educator and Student Perspectives on the Impact of Generative AI on Assessments in Higher Education,2023,Full Paper,Works-in-Progress,,,,,
Effects of Scaling Up Apprentice-Style Research: Perceptions from Mentors and Mentees,2023,Full Paper,Works-in-Progress,,,,,
Efficient Transformer-based Knowledge Tracing for a Personalized Language Education Application,2023,Full Paper,Works-in-Progress,,,,,
Encouraging Critical Thinking Support System: Question Generation and Lecture Slide Recommendations,2023,Full Paper,Works-in-Progress,,,,,
Envisioning an Inclusive Metaverse: Student Perspectives on Accessible and Empowering Metaverse-Enabled Learning,2023,Full Paper,Works-in-Progress,,,,,
Examinator v3,2023,Full Paper,Works-in-Progress,,,,,
How Civil are Comments on TikTok's Educational Videos? Insights for Learning at Scale,2023,Full Paper,Works-in-Progress,,,,,
Increasing Available Attempts: Changes in Student Correctness on Formative Introductory Physics Problems,2023,Full Paper,Works-in-Progress,,,,,
Innovating at Campus Scale: The Case of Michigan's Atlas,2023,Full Paper,Works-in-Progress,,,,,
Leveraging Human Feedback to Scale Educational Datasets: Combining Crowdworkers and Comparative Judgement,2023,Full Paper,Works-in-Progress,,,,,
Managing the Chaos: Approaches to Navigating Discussion Forums for Instructional Staff,2023,Full Paper,Works-in-Progress,,,,,
No Benefit for High-Dosage Time Management Interventions in Online Courses,2023,Full Paper,Works-in-Progress,,,,,
On Air: Benefits of weekly Podcasts accompanying Online Courses,2023,Full Paper,Works-in-Progress,,,,,
Pre-Semester Predictors of Course Retention in a Large Online Graduate CS Program,2023,Full Paper,Works-in-Progress,,,,,
"Ready or Not, Here I Computer Science: Trends in Preparatory Work Pursued by Incoming Students in an Online Graduate Computer Science Program",2023,Full Paper,Works-in-Progress,,,,,
RECIPE: How to Integrate ChatGPT into EFL Writing Education,2023,Full Paper,Works-in-Progress,,,,,
Rethinking MMLA: Design Considerations for Multimodal Learning Analytics Systems,2023,Full Paper,Works-in-Progress,,,,,
Secure Education and Learning Research at Scale with OpenStax Kinetic,2023,Full Paper,Works-in-Progress,,,,,
"Student Life at Scale: Humanizing the Student Experience at Scale through Belonging, Engagement, and Community",2023,Full Paper,Works-in-Progress,,,,,
The [email protected] Eight Years: A Review of Papers and Authors at Learning @ Scale,2023,Full Paper,Works-in-Progress,,,,,
The Use of SMS and Other Mobile Phone-based Messaging to Support Education at Scale: A Synthesis of Recent Evidence,2023,Full Paper,Works-in-Progress,,,,,
Towards Automated Code Assessment with OpenJupyter in MOOCs,2023,Full Paper,Works-in-Progress,,,,,
Towards Game-based Assessment at Scale,2023,Full Paper,Works-in-Progress,,,,,
Towards Scalable Vocabulary Acquisition Assessment with BERT,2023,Full Paper,Works-in-Progress,,,,,
Towards the Identification of Experts in Informal Learning Portals at Scale,2023,Full Paper,Works-in-Progress,,,,,
Unlocking Financial Success: Empowering Higher Ed Students and Developing Financial Literacy Interventions at Scale,2023,Full Paper,Works-in-Progress,,,,,
Utilizing Neural Network to Predict Students Aptitudes for Teaching Assistant Roles,2023,Full Paper,Works-in-Progress,,,,,